"Date","Time","CloudTypeHigh","CloudTypeLow","CloudTypeMiddle","WindDirection","WindSpeed","CloudBase","Cloudiness","Pressure","PressureAtSeaLevel","RelativeHumidity","Temperature","DewPoint","Visibility","WeatherConditions"
1/1/2008,1,0,3,2,0,0,800,5,885.6,1023.8,79,1.2,-2,5,70
1/1/2008,3,5,1,0,210,2,1250,1,884,1021.4,49,6.4,-3.6,3,5
1/1/2008,4,6,0,5,0,0,3000,5,884.4,1022.6,59,3,-4.3,4,5
1/2/2008,1,6,5,5,0,0,1250,3,883.6,1020.9,64,1.4,-4.7,4,5
1/2/2008,3,,3,2,270,2,800,5,881.8,1020.3,96,0.2,-0.3,0.5,71
1/2/2008,4,,7,2,0,0,800,6,882.7,1021.7,96,0.2,-0.3,1.2,22
1/3/2008,1,,3,2,260,2,800,6,882.4,1021.4,100,0,0,0.1,46
1/3/2008,2,,5,2,0,0,800,6,884.5,1023.5,96,1.2,0.7,0.8,44
1/3/2008,3,0,1,3,250,2,1250,3,883.3,1021.1,76,5,1.2,1.5,
1/3/2008,4,0,4,1,0,0,1250,1,886.3,1025.2,83,2,-0.6,2,10
1/4/2008,1,6,4,3,290,2,1250,1,885.9,1023.9,90,1.4,-0.1,2,10
1/4/2008,2,,4,1,170,2,1250,3,887.2,1025.9,84,2.4,-0.1,1.5,10
1/4/2008,3,,3,2,0,0,800,6,886.2,1025,93,2,1,0.8,58
1/4/2008,4,,5,2,0,0,1250,3,886.8,1025.2,87,2.4,0.4,2,10
1/5/2008,1,0,5,7,250,2,1250,1,885.4,1024,90,1.6,0.1,3.5,10
1/5/2008,2,0,1,7,0,0,1250,4,885.5,1023.6,71,3.2,-1.5,8,5
1/5/2008,3,,3,2,90,2,800,8,882.8,1020.6,84,3.2,0.8,4,87
1/5/2008,4,,3,2,180,4,800,5,881.8,1019.1,84,3,0.5,4,80
1/6/2008,1,,3,2,80,2,800,5,879,1016.4,96,1,0.5,0.8,73
1/6/2008,2,,3,2,280,3,800,10,878.6,1045.6,96,-4.8,-5.3,0.2,73
1/6/2008,3,,7,2,260,4,800,5,877.6,1016.7,97,-3.6,-4,1.2,71
1/6/2008,4,0,6,7,300,5,800,5,879.4,1021.5,83,-7,-9.1,12,1
1/7/2008,1,0,5,5,310,6,1250,1,879.4,1021.9,78,-9.8,-12.6,15,
1/7/2008,2,1,0,0,0,0,3000,0,881.8,1024.1,67,-4.4,-9,8,5
1/7/2008,3,1,1,0,0,0,1250,1,881.5,1023.8,40,-1.8,-12.3,15,
1/7/2008,4,0,5,3,0,0,1250,1,883,1025.8,73,-8,-11.6,12,
1/8/2008,1,0,5,3,0,0,1250,1,883.1,1025.4,67,-8.8,-13.3,10,
1/8/2008,2,,3,2,180,3,800,6,885,1028.3,96,-7.4,-7.9,0.8,72
1/8/2008,3,0,3,0,190,2,800,5,882.4,1025.6,67,-5.4,-10,8,5
1/9/2008,1,0,5,3,290,2,1250,1,881.9,1025.2,71,-9.4,-13.2,8,5
1/9/2008,2,1,1,0,270,2,1250,1,883.9,1027.7,66,-6,-10.8,6,5
1/9/2008,3,1,1,0,240,3,1250,1,883.2,1026.2,48,-3.4,-11.8,8,5
1/9/2008,4,1,0,3,280,2,1250,1,884.8,1028.7,80,-9.2,-11.7,3,10
1/10/2008,1,1,0,0,320,2,3000,0,884.8,1027.9,65,-8,-12.8,5,5
1/10/2008,2,1,0,0,0,0,3000,0,887.3,1031.3,57,-5,-11.4,3,5
1/10/2008,3,,,,250,3,3000,,885.5,1020.6,46,-3,-12,5,5
1/10/2008,4,6,0,0,0,0,3000,0,886,1029.2,62,-7,-12.3,5,5
1/11/2008,1,6,5,7,0,0,1250,1,884.8,1027.4,63,-7.6,-12.8,4,5
1/11/2008,2,,5,1,210,3,1250,1,887,1030.2,57,-4.4,-10.8,5,5
1/11/2008,3,,3,2,230,4,1250,4,885.1,1028.1,73,-4.4,-8,5,5
1/11/2008,4,,3,2,290,2,1250,5,886.2,1034.58856076611,93,-6.6,-7.4,2,70
1/12/2008,1,,3,2,0,0,1250,3,885.5,1028.1,93,-6,-6.8,1.2,70
1/12/2008,2,,3,2,0,0,800,4,887.4,1030.6,91,-4.8,-5.9,1.5,70
1/12/2008,3,2,3,7,250,5,1250,4,887.1,1029.5,74,-2.8,-6.4,7,5
1/13/2008,2,0,5,2,190,2,1250,1,891.4,1035.2,53,-4.2,-11.4,8,5
1/13/2008,3,6,4,0,170,3,1250,1,889.9,1032.7,51,-2.4,-10.2,10,
1/13/2008,4,0,4,3,0,0,1250,1,891.4,1035.1,80,-6.8,-9.4,6,10
1/14/2008,1,1,0,3,0,0,3000,1,891,1034.5,82,-8,-10.2,5,10
1/14/2008,2,1,1,0,0,0,1250,1,891.4,1035.1,67,-4,-8.7,3,5
1/14/2008,3,1,3,0,0,0,1250,3,888.5,1029.9,51,-1.2,-9.1,8,5
1/14/2008,4,0,4,0,0,0,1250,3,889.7,1032.8,65,-5.6,-10.6,8,5
1/15/2008,1,0,4,0,0,0,1250,3,888.4,1030.8,67,-6.6,-11.2,10,
1/15/2008,2,,,,260,2,3000,,889,1032,66,-4.2,-9,5,5
1/15/2008,3,0,1,0,280,5,1250,1,887.2,1029.6,58,-2,-8.3,10,
1/15/2008,4,,,,0,0,3000,,888.4,1031.2,73,-5,-8.7,5,5
1/16/2008,2,,,,0,0,3000,,891.2,1034.7,71,-5.2,-9.1,3.5,5
1/16/2008,4,,,,0,0,3000,,893.2,1037.2,67,-5.6,-10.2,5,5
1/17/2008,2,,,,0,0,3000,,894.5,1037.8,67,-2.2,-6.9,3,5
1/17/2008,3,1,0,0,240,2,3000,0,892.5,1034.6,50,0.6,-8.6,5,5
1/17/2008,4,1,0,0,0,0,3000,0,893.1,1036.4,83,-6.6,-8.8,4,10
1/18/2008,1,1,0,0,0,0,3000,0,891.3,1033.6,81,-6.8,-9.2,4,10
1/18/2008,3,,,,250,3,3000,,890.3,1032.5,54,0.6,-7.6,5,5
1/18/2008,4,,,,0,0,3000,,891.4,1034.9,86,-6.2,-8,5,10
1/19/2008,2,,,,0,0,3000,,890.9,1034.2,80,-3.8,-6.4,1.2,10
1/19/2008,3,1,0,0,200,2,3000,0,889.1,1031.4,56,-0.6,-7.4,5,5
1/19/2008,4,,,,0,0,3000,,890.1,1033.1,78,-5.6,-8.5,7,5
1/20/2008,2,,,,0,0,3000,,889.2,1031.8,71,-2.8,-6.8,7,5
1/20/2008,3,1,0,0,240,4,3000,0,886.3,1028,100,-8,-6,6,5
1/20/2008,4,0,4,7,240,2,1250,3,885.8,1027.5,80,-4.2,-6.8,6,10
1/21/2008,1,0,5,7,0,0,1250,4,884.8,1026.8,94,-7.8,-8.5,1.5,10
1/21/2008,2,,,,0,0,3000,,886.2,1028.4,94,-4.6,-5.3,1.2,41
1/21/2008,4,,,,0,0,3000,,886.2,1028.8,89,-5.4,-6.8,2.5,10
1/22/2008,2,,,,0,0,3000,,885.4,1027.4,94,-3,-3.7,1.5,10
1/22/2008,4,1,0,0,270,2,3000,0,885.7,1027.7,67,-5,-9.6,4,5
1/23/2008,1,1,0,0,0,0,3000,0,884.9,1026,69,-5.6,-9.8,5,5
1/23/2008,2,6,0,0,210,4,3000,0,885.6,1027.6,74,-3.2,-6.7,3,5
1/23/2008,3,,3,1,220,7,1250,4,882.8,1024.4,75,-2.8,-6.1,5,5
1/23/2008,4,,3,2,210,3,1250,5,883.5,1024.8,89,-4,-5.4,3.5,10
1/24/2008,1,,3,2,280,2,1250,5,882,1022.8,93,-3.4,-4.2,3.5,10
1/24/2008,2,,3,2,0,0,1250,4,883.1,1023.9,89,-1.8,-3.2,2,10
1/24/2008,3,0,5,0,240,4,1250,3,882.2,1021.9,67,1,-4.4,5,5
1/24/2008,4,,,,100,32,3000,,884.4,1025.3,,,-5.7,1.5,10
1/25/2008,2,,,,250,2,3000,,886.3,1027.4,76,-2.2,-5.4,1,10
1/25/2008,4,,,,0,0,3000,,886.2,1026.9,67,-1.2,-6,5,5
1/26/2008,1,1,0,0,0,0,3000,0,885.2,1024.7,77,-2.6,-5.7,2.5,5
1/26/2008,2,,,,190,2,3000,,884.6,1024.7,89,-0.8,-2.2,2,10
1/26/2008,3,6,0,3,210,3,3000,3,881,1020.5,72,0.4,-4.1,3,5
1/26/2008,4,,3,2,210,3,800,4,878.6,1018.2,96,-3,-3.5,0.5,73
1/27/2008,1,,3,2,290,2,800,6,877.1,1016.1,97,-3,-3.4,1.2,71
1/27/2008,3,6,8,3,240,4,1250,3,877.6,1016.6,73,0.6,-3.7,5,5
1/27/2008,4,,,,0,0,3000,,878.5,1018.5,74,-2.8,-6.3,5,10
1/28/2008,2,,,,270,3,3000,,878.4,1018.2,56,-1.4,-8.2,8,5
1/28/2008,3,0,1,0,250,8,1250,1,878.1,1017,54,3.2,-5.2,6,5
1/28/2008,4,,,,0,0,3000,,881.2,1020.6,60,-0.3,-6.3,10,
1/29/2008,2,,,,0,0,3000,,884.1,1023.7,65,0,-5.8,2,5
1/29/2008,4,,,,0,0,3000,,882.7,1021.8,69,0.2,-4.8,3,5
1/30/2008,2,1,0,0,180,2,3000,0,881.7,1020.5,43,7,-4.7,3,5
1/30/2008,4,0,4,7,240,3,1250,3,876.9,1014.6,74,1.6,-2.5,5,5
1/31/2008,1,,4,1,0,0,1250,3,875.9,1013.1,67,2.1,-3.4,6,5
1/31/2008,2,0,8,3,270,2,1250,3,877.5,1014.9,75,2,-2,4,5
1/31/2008,3,5,8,0,240,5,1250,1,873.6,1009.1,59,6,-1.4,7,5
1/31/2008,4,,4,2,70,2,1250,4,874.2,1011.2,83,1.4,-1.2,2.8,10
2/1/2008,1,,3,2,270,4,800,5,874,1010.7,95,-2.2,-2.8,0.8,75
2/1/2008,2,2,5,3,280,5,1250,3,876.6,1015,71,-1.8,-5.8,8,5
2/1/2008,3,0,1,0,260,7,1250,3,876.6,1014.2,43,4.9,-6.6,15,
2/1/2008,4,0,4,0,290,5,1250,1,879.7,1019.4,62,-1.6,-7.3,12,
2/2/2008,1,0,5,0,0,0,1250,1,881.1,1019.8,66,-3.6,-8.5,10,
2/2/2008,2,0,4,0,240,2,1250,3,884.7,1024.8,55,-0.4,-7.4,4,5
2/2/2008,3,0,1,3,200,4,1250,3,884.5,1024.4,45,2.4,-8.3,10,
2/2/2008,4,0,4,5,0,0,1250,3,886.4,1026.6,48,-0.6,-9.2,10,
2/3/2008,1,0,3,5,300,2,1250,4,886.2,1025.8,66,-1.6,-6.5,10,
2/3/2008,2,,3,2,260,3,1250,4,888.5,1029.8,88,-3.6,-5.1,1.2,70
2/3/2008,3,1,3,3,260,5,1250,5,887.2,1027.5,50,0.7,-8.6,6,5
2/3/2008,4,0,4,0,0,0,1250,3,889.3,1031.1,81,-3.6,-6.1,10,
2/4/2008,2,0,1,0,280,2,1250,1,889.3,1031.3,58,-2.4,-8.7,4,5
2/4/2008,3,0,1,0,210,3,1250,1,888.3,1029.5,44,2,-9,8,5
2/4/2008,4,,,,200,4,3000,,889.8,1031.6,98,-6.8,-7,10,
2/5/2008,1,0,4,3,0,0,1250,3,891.1,1033,59,-2.5,-8.6,10,
2/5/2008,2,,,,160,4,3000,,894,1036.7,70,-3,-7.2,8,5
2/5/2008,3,0,3,7,260,2,800,5,893,1035.2,72,-2.2,-6,5,5
2/5/2008,4,0,5,0,250,2,1250,1,893.3,1035.9,79,-3.2,-6,5,10
2/6/2008,1,0,5,0,270,2,1250,1,892.4,1035.1,68,-4.6,-9.1,5,5
2/6/2008,2,,,,240,2,3000,,893.3,1035.5,70,-1.4,-5.6,2,5
2/6/2008,3,1,0,0,230,3,3000,0,891.8,1033.4,50,1.2,-8.1,5,5
2/6/2008,4,,,,0,0,3000,,892.7,1034.3,55,-1.2,-8.2,7,5
2/7/2008,4,,,,0,0,3000,,890.4,1031.5,51,-0.8,-8.7,6,5
2/8/2008,1,0,0,3,300,2,3000,4,888.8,1028.9,59,-2,-8.1,6,5
2/8/2008,2,0,1,5,0,0,1250,1,889.5,1029.7,62,1,-5.5,3,
2/8/2008,3,5,0,5,210,2,3000,1,888.5,1027.7,45,5.4,-5.6,5,5
2/9/2008,1,0,0,3,0,0,3000,4,890.6,1029.2,73,1.2,-3.1,6,5
2/9/2008,2,,3,1,250,2,1250,4,892.8,1032.9,63,2.9,-3.4,2.5,5
2/9/2008,3,0,1,0,250,4,1250,1,890.9,1028.8,53,8.2,-0.8,5,5
2/9/2008,4,,,,130,2,3000,,892.3,1031.3,73,3,-1.4,3,5
2/10/2008,1,,,,0,0,3000,,892.3,1030.5,84,0.7,-1.7,1.5,10
2/10/2008,2,,4,1,290,2,1250,1,893.7,1033,74,3,-1.2,1.5,5
2/10/2008,3,4,4,7,210,3,1250,3,891.3,1029.7,58,7,-0.7,3,5
2/10/2008,4,0,4,7,180,2,1250,3,881.9,1030.7,84,3.3,0.9,1.5,10
2/11/2008,1,0,4,7,280,2,1250,3,889.9,1027.7,74,2.1,-2,3,5
2/11/2008,2,,4,7,270,2,1250,1,889.9,1028.5,78,2.9,-0.6,3,5
2/11/2008,3,0,0,3,220,3,3000,4,886.9,1024.1,58,7.6,-0.1,1,5
2/11/2008,4,,5,2,210,2,1250,1,887.4,1025.2,67,4.6,-1,3,60
2/12/2008,1,,,,110,3,,,885.6,1023.1,94,0.2,-0.6,0.1,75
2/12/2008,2,,3,1,170,2,800,8,885.4,1023.2,89,2,0.4,1.5,10
2/12/2008,3,0,8,3,210,3,1250,4,882.8,1019.9,63,7.1,0.5,5,5
2/12/2008,4,0,1,7,320,2,1250,1,883,1020.3,66,5,-0.8,10,
2/13/2008,1,,9,2,0,0,800,5,882.4,1018.9,94,2.2,1.3,3,80
2/13/2008,2,0,3,7,190,3,800,4,882.8,1019.4,86,4.2,2.1,4,10
2/13/2008,3,1,3,3,290,5,800,4,880.9,1016.8,61,7.8,0.8,6,5
2/13/2008,4,0,8,3,0,0,1250,3,882,1018.8,72,3.9,-0.7,3.5,5
2/14/2008,1,,3,1,310,3,800,5,881.5,1017.4,87,3.3,1.3,5,10
2/14/2008,2,0,5,5,160,2,1250,5,883,1020.3,90,3,1.5,1.5,10
2/14/2008,3,0,8,0,270,4,1250,5,880.3,1015.9,50,8.8,-1,10,1
2/14/2008,4,1,4,3,190,2,1250,3,880,1016.4,60,6,-1.2,10,
2/15/2008,1,0,4,7,0,0,1250,4,878.8,1013.7,69,5,-0.2,10,
2/15/2008,2,,3,2,170,3,800,3,878.4,1013.8,70,5.3,0.3,5,5
2/15/2008,3,,3,2,50,3,800,5,876.3,1011.7,77,5.1,1.4,10,21
2/15/2008,4,0,3,7,260,3,800,5,878.7,1014.8,88,3.4,1.6,7,10
2/16/2008,2,,,,0,0,3000,,884.4,1021.3,64,6,-0.3,6,5
2/16/2008,3,0,4,0,270,6,1250,1,884.2,1020.8,33,10.3,-5.3,12,
2/16/2008,4,,,,0,0,3000,,886,1022.5,49,6.3,-3.6,10,
2/17/2008,2,1,0,0,140,2,3000,0,888.6,1024.7,21,9.7,-11.6,10,
2/17/2008,3,1,0,0,170,3,3000,0,886,1021.2,30,12.7,-4.4,10,
2/17/2008,4,5,0,0,0,0,3000,0,887.6,1023,54,7.5,-1.2,10,
2/18/2008,2,6,4,3,0,0,1250,1,888.3,1023.9,28,9.6,-8,10,
2/18/2008,3,,3,7,0,0,1250,5,884.8,1019.6,36,11.6,-3,8,5
2/18/2008,4,0,4,7,120,2,1250,4,884.7,1019,47,10.1,-0.7,10,
2/19/2008,1,,3,1,110,3,800,4,881.6,1014.6,47,11.1,0.2,10,
2/19/2008,2,0,3,7,90,4,800,6,880.2,1013.2,54,11.5,2.5,8,2
2/19/2008,3,0,6,3,90,3,1250,4,845.7,1006.6,39,15.3,1.4,7,5
2/19/2008,4,,,,280,2,3000,,875.1,1006.9,46,12.3,1,10,
2/20/2008,2,,,,280,15,3000,,877.7,1011.9,29,4.2,-12.3,4,7
2/20/2008,3,6,5,3,310,10,1250,3,876.8,1012.1,21,5.6,-15,10,
2/21/2008,2,,,,290,7,3000,,888.8,1028.7,44,0.2,-10.6,6,5
2/22/2008,2,,,,150,4,3000,,892.4,1032.1,35,3,-11,5,5
2/22/2008,4,,,,140,2,3000,,891.8,1030.6,35,4.2,-9.9,10,
2/23/2008,2,,,,170,4,3000,,892.8,1031.5,37,4,-9.4,5,5
2/23/2008,4,1,0,0,0,0,3000,0,888.9,1026.7,30,5.6,-10.6,10,
2/24/2008,2,1,0,0,230,2,3000,0,886.9,1023.4,32,7.2,-8.4,7,5
2/24/2008,3,1,0,0,270,10,3000,0,882.8,1017.4,10,14.8,-16.5,15,
2/24/2008,4,6,0,3,0,0,3000,1,884,1018.6,18,11.7,-11.9,10,
2/25/2008,1,6,4,3,0,0,3000,1,884.2,1017.5,32,8.8,-7,10,
2/25/2008,2,1,0,0,150,2,3000,0,886.3,1020.4,30,10.2,-6.6,7,5
2/25/2008,3,6,5,7,170,3,1250,3,884.3,1018.2,27,13,-5.6,6,5
2/25/2008,4,7,5,7,80,5,1250,3,886.2,1020.2,44,11.7,-0.1,10,
2/26/2008,1,6,5,3,130,3,1250,1,884,1017.3,45,10.2,-1.3,10,
2/26/2008,2,,4,1,0,0,1250,3,883.9,1017.9,26,9.6,-9,10,
2/26/2008,3,,3,1,310,3,800,6,881.3,1014.6,23,12.3,-8.3,6,5
2/26/2008,4,0,3,7,70,5,1250,4,882.5,1016.1,60,11.2,3.7,10,2
2/27/2008,1,0,4,5,0,0,1250,3,881.3,1014,57,11.3,3.1,10,
2/27/2008,2,0,3,3,300,2,800,5,883.5,1016.3,43,13.4,1.1,10,1
2/27/2008,3,0,3,3,310,3,800,5,882.9,1015.6,32,14,-2.4,10,
2/27/2008,4,0,4,4,290,2,1250,1,886.5,1021,66,6.6,0.7,10,
2/28/2008,2,0,1,0,0,0,1250,1,888.3,1024.2,52,9,-0.3,5,5
2/28/2008,3,0,4,0,270,7,1250,4,885.4,1019.4,30,14.7,-2.6,12,
2/28/2008,4,,,,280,4,3000,,886.2,1021.2,45,8.9,-2.4,15,
2/29/2008,2,,,,260,2,3000,,885.4,1020.4,42,8.8,-3.4,8,5
2/29/2008,3,5,0,3,250,2,3000,3,881.9,1015.8,17,16.4,-8.7,10,
2/29/2008,4,0,4,3,280,3,1250,3,883.3,1017.3,26,12,-6.9,10,
3/1/2008,2,5,8,3,0,0,1250,4,883.3,1016.5,29,11.7,-5.7,4,5
3/1/2008,3,1,0,4,290,9,3000,4,880.5,1012.9,10,17.4,-14.5,15,
3/1/2008,4,0,4,7,310,1,1250,3,881.7,1014.3,21,13.6,-8.3,10,
3/2/2008,1,,3,2,260,7,1250,5,882.5,1014.8,69,8.8,3.4,8,80
3/2/2008,2,1,4,7,180,2,1250,3,882.5,1014.9,51,12,2.2,8,5
3/2/2008,3,0,4,3,270,6,1250,3,878.4,1010.3,24,17.1,-3.5,10,
3/2/2008,4,0,4,3,0,0,1250,1,879,1011,32,14,-2.4,10,
3/3/2008,1,0,4,0,320,2,1250,3,877.5,1008.3,43,12.6,0.4,10,1
3/3/2008,2,0,1,0,270,6,1250,1,878.5,1009.4,28,16.2,-2.3,7,5
3/3/2008,3,0,1,3,260,2,1250,3,874.6,1004.7,17,18.9,-6.7,10,
3/3/2008,4,0,3,3,0,0,1250,4,873.7,1003.3,25,16.3,-3.7,12,
3/4/2008,2,0,1,3,290,8,1250,3,874.8,1005.6,27,12.4,-6.1,6,7
3/4/2008,3,2,3,0,300,9,1250,4,874.3,1006.2,38,12,-1.9,5,7
3/4/2008,4,1,4,3,280,10,1250,1,877.9,1012,63,4,-2.4,12,
3/5/2008,1,0,0,3,270,4,3000,1,880.5,1015.7,61,1.8,-4.9,12,
3/5/2008,2,,,,270,3,3000,,885.9,1022.7,38,7.4,-6,10,
3/5/2008,4,,,,0,0,3000,,888.8,1024.2,26,10.8,-7.9,10,
3/6/2008,2,,,,0,0,3000,,890,1024,18,13.8,-10.1,5,5
3/7/2008,1,1,0,0,0,0,3000,0,885.5,1018.4,20,9.8,-12.1,10,
3/7/2008,2,,,,180,2,3000,,886.7,1019.8,15,14.4,-11.9,8,5
3/7/2008,3,5,0,0,190,2,3000,0,884.5,1016.7,10,19,-13.3,12,
3/7/2008,4,,,,0,0,3000,,885.6,1018.2,21,13.5,-8.5,12,
3/8/2008,2,,,,0,0,3000,,887.1,1019.8,18,14.8,-9.3,10,
3/8/2008,3,0,1,0,270,6,1250,1,885.1,1017,12,19.6,-10.6,10,
3/8/2008,4,,,,300,5,3000,,887.3,1019.7,15,15.2,-11.3,10,
3/9/2008,2,,,,180,2,3000,,890.1,1022.6,16,16,-9.8,5,5
3/9/2008,4,,,,0,0,3000,,888.6,1020.9,21,15,-7.1,10,
3/10/2008,2,6,0,3,130,4,3000,3,888.1,1020,15,17.4,-9.4,7,5
3/10/2008,3,1,0,0,140,2,3000,0,884.8,1016,46,22.6,10.5,10,
3/10/2008,4,1,0,0,0,0,3000,0,884.8,1015.8,16,16.8,-9.2,10,
3/11/2008,1,2,0,0,80,2,3000,0,882.5,1012.2,26,15,-4.3,10,
3/11/2008,2,5,8,0,0,0,1250,1,883.5,1013.7,15,19.6,-7.7,6,5
3/11/2008,3,6,5,7,280,7,1250,4,880,1009.7,10,23.3,-10,10,
3/11/2008,4,1,3,3,310,13,1250,4,881.9,1011.5,37,17.4,2.7,6,7
3/12/2008,1,0,0,3,300,2,3000,3,879.8,1008.8,35,15.4,0.2,10,
3/12/2008,2,,1,1,260,11,1250,3,882.6,1013.6,49,13.9,3.4,10,
3/12/2008,3,8,1,3,300,7,1250,3,879.5,1009.1,23,20.4,-1.4,10,
3/12/2008,4,0,4,3,330,3,1250,1,879.5,1010.6,29,16.1,-1.9,8,5
3/13/2008,1,6,0,0,0,0,3000,0,878.2,1007.9,36,14.3,-0.6,10,
3/13/2008,2,1,4,3,120,2,1250,3,879.7,1009.6,24,18.6,-2.3,5,5
3/13/2008,3,,3,2,0,0,1250,5,876.5,1006.4,29,18.4,0.1,10,
3/13/2008,4,0,3,7,40,4,1250,5,876,1005.4,52,15.2,5.4,10,2
3/14/2008,1,0,3,7,80,3,1250,4,872.1,1000.8,33,16.3,0,10,
3/14/2008,2,0,3,7,280,9,1250,4,874.4,1004.8,39,14.2,0.5,5,5
3/14/2008,3,0,3,0,250,11,1250,6,870.8,999.1,14,20,-8.3,10,
3/14/2008,4,0,3,7,280,14,800,6,873.7,1004.4,30,13.6,-3.6,10,
3/15/2008,2,0,1,3,0,0,1250,3,877.1,1008.8,34,12.4,-3,6,5
3/15/2008,3,0,3,3,270,15,800,5,871.6,1001.4,11,20,-11,5,7
3/15/2008,4,0,3,3,290,13,800,6,877.5,1010.5,49,8.1,-2,12,
3/16/2008,2,,,,240,2,3000,,882.2,1016.9,32,9.2,-6.6,10,
3/16/2008,4,,,,280,6,3000,,880.3,1013.5,14,13.2,-13.7,12,
3/17/2008,2,,,,290,3,3000,,883.3,1015.9,23,13.2,-7.5,10,
3/17/2008,4,,,,330,2,3000,,882.4,1014.6,16,14.4,-11.1,12,
3/18/2008,2,,,,100,2,3000,,883.6,1015.2,14,16.6,-11,5,5
3/18/2008,3,6,0,3,180,2,3000,3,880,1011,12,20,-10.3,10,
3/18/2008,4,8,4,7,340,2,1250,3,880.4,1010.9,19,16.4,-7.3,5,5
3/19/2008,2,5,0,0,0,0,3000,0,880,1010.1,16,18.2,-8,6,5
3/19/2008,3,0,1,0,270,8,1250,1,876.7,1006.1,15,22.2,-5.6,10,
3/19/2008,4,1,0,0,30,2,3000,0,878.2,1008,32,16.1,-0.5,10,
3/20/2008,2,,,,270,7,3000,,879.6,1009.7,19,18.4,-5.6,8,5
3/20/2008,4,,,,320,3,3000,,877.7,1007.2,15,17.4,-9.5,10,
3/21/2008,2,,,,0,0,3000,,879.6,1009.8,20,16.7,-6.4,10,
3/21/2008,4,5,0,0,270,5,3000,0,878.1,1007.8,19,18.4,-5.6,10,
3/22/2008,1,7,0,0,290,6,3000,0,877.4,1006.5,26,14.5,-4.8,10,
3/22/2008,2,6,0,0,290,4,3000,0,878.6,1007.9,22,18.4,-3.7,10,
3/22/2008,3,2,1,0,280,13,1250,1,877.1,1005.1,11,27.3,-5.7,10,
3/22/2008,4,0,4,0,320,4,1250,1,879.8,1008.5,13,22.1,-7.6,15,
3/23/2008,1,6,0,0,0,0,3000,0,881.3,1009.6,27,15.8,-3.1,10,
3/23/2008,2,0,8,3,180,2,1250,4,883.7,1012.3,19,21.2,-3.3,10,
3/23/2008,3,0,8,3,270,5,1250,4,880.3,1008.6,11,26.4,-6.4,5,5
3/23/2008,4,0,0,3,340,2,3000,4,880.5,1008.7,16,21.7,-5.2,10,
3/24/2008,1,6,0,0,300,2,3000,0,880.7,1009.3,28,14.7,-3.6,15,
3/24/2008,2,6,0,3,70,2,3000,3,883.2,1011.8,18,21,-4.2,10,
3/24/2008,3,6,0,0,240,3,3000,0,880,1008.8,11,25.4,-7.2,10,
3/24/2008,4,,,,20,4,3000,,880.3,1008.4,11,22.2,-9.6,10,
3/25/2008,2,,,,180,3,3000,,880.5,1008.6,16,21.2,-5.6,10,
3/25/2008,3,3,1,0,220,5,1250,3,876.4,1003.8,11,26.6,-6.3,10,
3/25/2008,4,0,0,3,0,0,3000,4,875.9,1003.6,18,21.2,-4,10,
3/26/2008,1,1,0,3,0,0,3000,3,875.8,1002.8,23,18.2,-3.3,10,
3/26/2008,2,,,,230,4,3000,,878.1,1005.8,14,22.3,-6.3,7,5
3/26/2008,3,0,4,7,290,5,1250,3,875.6,1002.9,10,25.9,-7.9,5,5
3/26/2008,4,5,2,7,330,2,1250,3,877.2,1004.6,16,22,-5,10,
3/27/2008,1,8,0,3,30,3,3000,3,877,1004,19,20,-4.3,10,
3/27/2008,2,,3,2,0,0,800,5,878.5,1005.9,13,23.3,-6.6,7,5
3/27/2008,3,,4,2,180,5,1250,3,876.3,1003.3,11,25.9,-6.8,8,5
3/27/2008,4,0,3,7,0,0,800,5,879.4,1007,24,21.3,-0.1,10,2
3/28/2008,1,0,4,7,0,0,1250,3,879.6,1007.4,32,17.9,1.1,12,
3/28/2008,2,6,5,7,110,2,1250,1,881.1,1009,24,22.7,1.1,7,5
3/28/2008,3,6,5,7,110,4,1250,1,878.5,1006.2,14,25.9,-3.6,4.5,5
3/28/2008,4,5,5,7,350,3,1250,4,880.3,1007.6,17,23.8,-2.7,6,5
3/29/2008,1,0,5,7,90,2,1250,4,879.2,1006.2,23,21,-0.9,7,5
3/29/2008,2,0,1,3,80,3,1250,1,881,1008.2,18,23.6,-2.1,4,5
3/29/2008,3,5,1,0,80,3,1250,1,878.7,1005.5,12,27,-4.8,5,5
3/29/2008,4,,,,0,0,3000,,880,1007.3,18,22.7,-2.8,10,
3/30/2008,2,0,0,3,0,0,3000,4,882.3,1009.6,15,25.3,-3.2,6,5
3/30/2008,3,6,3,3,270,6,1250,3,879.6,1006.2,11,28.6,-4.7,8,5
3/30/2008,4,2,4,5,250,3,1250,3,879.3,1005.9,14,24.2,-5.1,10,
3/31/2008,1,0,3,5,120,3,800,4,879.2,1005.1,17,23.2,-3.2,10,
3/31/2008,2,0,0,3,130,5,3000,4,878.5,1004.8,16,25.5,-2.1,8,5
3/31/2008,3,7,1,7,170,4,1250,1,875.8,1001.6,13,27.1,-3.7,6,5
3/31/2008,4,6,0,3,0,0,3000,3,875.7,1001.9,20,22.9,-1.2,10,
4/1/2008,1,0,0,3,40,2,3000,3,875.6,1002,,20.2,,15,
4/1/2008,2,6,4,3,250,4,1250,1,876.9,1003.8,25,22.6,1.6,10,
4/1/2008,3,0,3,7,350,4,1250,6,876,1004.2,37,19,4,8,29
4/1/2008,4,0,5,3,0,0,1250,3,875.3,1002.9,29,19.2,0.8,10,1
4/2/2008,1,0,4,3,30,2,1250,1,875.2,1004.3,29,16.2,-1.8,10,
4/2/2008,2,1,1,0,270,6,1250,1,875.9,1004.4,17,19.4,-6.3,8,5
4/2/2008,3,4,1,0,260,9,1250,1,873.4,1001.4,8,23.2,-12.9,15,
4/2/2008,4,1,0,0,290,2,3000,0,874.5,1003.1,10,18.4,-13.8,12,
4/3/2008,2,,,,280,10,3000,,877.8,1008.1,29,13.8,-3.9,10,
4/3/2008,4,,,,330,3,3000,,876.4,1006.8,12,17.6,-12.1,15,
4/4/2008,2,6,0,3,270,6,3000,3,876.3,1005.9,12,17.4,-12.3,12,
4/4/2008,3,0,1,3,260,9,1250,1,874.5,1004,11,20.4,-11,15,
4/4/2008,4,1,4,3,270,4,1250,1,873.6,1002.6,24,15.8,-4.5,12,
4/5/2008,1,1,0,0,270,3,3000,0,874,1003.4,31,13.1,-3.6,12,
4/5/2008,2,6,0,0,280,11,3000,0,877,1007.5,17,15.5,-9.4,1.2,7
4/5/2008,3,6,0,0,290,10,3000,0,875.3,1005.2,13,19.6,-9.6,2.5,7
4/5/2008,4,1,0,3,250,4,3000,6,877.6,1008.4,22,15,-6.5,5,5
4/6/2008,1,5,0,3,320,4,3000,1,879.2,1009.6,33,12.8,-3.1,7,5
4/6/2008,2,5,1,0,300,4,1250,1,883.7,1014.9,25,17,-3.2,5,5
4/6/2008,3,2,1,0,260,7,1250,1,881.7,1011.9,11,22.6,-9.3,10,
4/6/2008,4,2,0,0,140,2,3000,0,882.4,1012.9,21,17.3,-5.2,12,
4/7/2008,1,1,0,0,20,2,3000,0,881.1,1011,35,13.3,-1.8,10,
4/7/2008,2,6,0,0,180,3,3000,0,882.8,1013.1,21,18,-4.6,7,5
4/7/2008,3,6,0,3,220,4,3000,4,879.6,1009.4,14,22.6,-6.2,7,5
4/7/2008,4,2,0,0,0,0,3000,0,879.6,1009.2,24,18.2,-2.7,10,
4/8/2008,1,6,0,0,0,0,3000,0,877.7,1006.4,32,16.2,-0.5,10,
4/8/2008,2,3,3,5,60,5,800,6,878.7,1008.9,65,13.6,7.2,10,1
4/8/2008,3,,8,2,110,3,800,5,877,1007,73,14.8,10,10,2
4/8/2008,4,0,3,7,100,2,800,6,878.5,1009.8,72,13.1,8.2,15,25
4/9/2008,1,0,5,5,260,2,1250,6,877.2,1008.3,86,11.8,9.5,15,10
4/9/2008,2,0,3,5,0,0,1250,5,877.7,1008.6,52,15.2,5.4,10,
4/9/2008,3,0,3,0,260,9,1250,4,875.8,1005.6,23,21,-0.9,10,
4/9/2008,4,,,,350,2,3000,,878,1008.4,29,16.3,-1.8,10,
4/10/2008,2,6,4,0,350,2,1250,1,881.7,1012,24,18.4,-2.4,5,5
4/10/2008,3,6,4,3,260,7,1250,1,880.5,1011,15,20.2,-7.2,10,
4/11/2008,1,6,4,3,290,3,1250,1,881.8,1012.2,24,14.2,-6.1,10,
4/11/2008,2,1,0,0,250,9,3000,0,883.1,1013.5,21,17.8,-4.8,12,
4/11/2008,3,1,1,0,280,9,1250,1,881,1011,17,21.2,-4.8,12,
4/11/2008,4,6,4,3,270,4,1250,1,880.9,1010.9,25,17.7,-2.5,12,
4/12/2008,1,0,4,3,310,3,1250,1,879.9,1009.6,33,14.8,-1.2,12,
4/12/2008,2,2,1,3,270,7,1250,1,881.3,1010.8,24,19.8,-1.3,7,5
4/12/2008,3,5,2,3,260,9,800,4,879.5,1009.1,21,21.2,-2,10,
4/12/2008,4,6,5,0,280,6,1250,3,880.4,1009.8,33,17.4,1,10,
4/13/2008,1,1,5,0,330,3,1250,1,879.8,1009.7,47,13.4,2.3,10,
4/13/2008,2,0,1,0,170,3,1250,3,882,1012.3,36,16.9,1.7,10,
4/13/2008,3,0,3,0,290,7,1250,5,878.8,1008,14,24.2,-5,10,
4/13/2008,4,0,4,3,280,2,1250,1,881.5,1012,28,16.6,-2,12,
4/14/2008,2,1,0,0,260,2,3000,0,884.8,1015.7,34,16.8,0.9,10,
4/14/2008,3,1,0,0,210,3,3000,0,882.7,1013.2,13,23.6,-6.4,15,
4/14/2008,4,1,0,0,30,2,3000,0,884.6,1014.9,17,20,-5.8,12,
4/15/2008,1,1,0,0,0,0,3000,0,884.2,1013.9,26,15.2,-4.2,10,
4/15/2008,2,6,0,0,150,3,3000,0,886.4,1016.7,20,17.8,-5.4,10,
4/15/2008,3,6,0,0,210,3,3000,0,883.1,1012.6,16,23.5,-3.7,10,
4/15/2008,4,,,,0,0,3000,,883.5,1013.4,26,19.2,-0.7,10,
4/16/2008,2,1,0,3,210,2,3000,1,883.4,1012.3,15,22.4,-5.5,10,
4/16/2008,3,1,1,0,270,6,1250,1,879.3,1007.1,12,28,-4,10,
4/16/2008,4,,,,0,0,3000,,879.8,1007.4,18,22.4,-3.1,15,
4/17/2008,1,6,0,3,0,0,3000,3,879.2,1006.2,26,19.2,-0.7,15,
4/17/2008,2,5,1,3,0,0,1250,1,880.4,1007.7,16,24.4,-3,10,
4/17/2008,3,6,3,7,320,4,1250,4,877.1,1004.4,16,25.4,-2.2,10,
4/17/2008,4,6,4,7,30,2,1250,3,877.2,1003.9,25,22.4,1.4,10,
4/18/2008,1,0,4,0,320,2,1250,1,877.4,1004.8,30,18.8,0.9,12,
4/18/2008,2,2,0,0,270,6,3000,0,878.9,1006.4,30,21.6,3.3,10,
4/18/2008,3,5,1,0,280,6,1250,1,876,1003.2,13,26,-4.5,10,
4/18/2008,4,1,0,3,280,4,3000,1,877.3,1006.3,42,15.4,2.6,10,
4/19/2008,1,5,0,3,50,2,3000,1,877.5,1005.6,42,14.6,1.8,10,
4/19/2008,2,0,4,7,150,4,1250,3,879.6,1009.7,34,18.1,2.1,5,5
4/19/2008,3,6,4,3,210,3,1250,3,875.9,1004.4,21,23.7,0.3,8,5
4/19/2008,4,8,4,0,0,0,1250,3,876.1,1004.6,29,20.2,1.6,10,
4/20/2008,1,,3,1,20,5,1250,5,876.1,1003.7,28,18.8,-0.1,10,
4/20/2008,2,7,1,7,120,2,1250,3,875.8,1003.5,18,22,-3.4,10,
4/20/2008,3,,3,1,300,9,1250,6,875.6,1003.8,25,20.6,-0.1,8,7
4/20/2008,4,1,4,0,260,6,1250,1,875.8,1004.5,47,14.8,3.7,10,
4/21/2008,2,0,0,3,270,7,3000,1,878.2,1008.4,29,17.8,-0.5,10,
4/21/2008,3,0,1,0,260,11,1250,3,876.2,1005.8,13,24.2,-5.9,10,
4/21/2008,4,0,4,0,0,0,1250,1,878.2,1007.5,19,19.2,-5,12,
4/22/2008,1,0,0,3,0,0,3000,1,879.1,1007.9,34,15,-0.7,10,
4/22/2008,2,0,1,0,120,4,1250,1,882.9,1012.4,22,19.6,-2.7,10,
4/22/2008,3,0,1,0,250,7,1250,1,880.8,1009.6,14,25.4,-4,10,
4/22/2008,4,0,4,0,0,0,1250,1,881.9,1010.6,20,22,-2,10,
4/23/2008,1,0,0,3,0,0,3000,4,833.3,1011.7,29,18.2,-0.1,10,
4/23/2008,2,0,1,0,0,0,1250,1,886,1021.8,23,24.6,2.1,7,5
4/23/2008,3,0,2,3,270,4,1250,4,884.4,1012.2,14,28.8,-1.4,15,
4/23/2008,4,,,,0,0,3000,,886.1,1013.6,33,23.6,6.3,12,
4/24/2008,2,,,,0,0,3000,,888.5,1016,23,26.6,3.9,10,
4/24/2008,3,0,1,0,180,3,1250,1,884.5,1011.5,17,30.2,2.6,10,
4/25/2008,2,0,0,3,180,2,3000,1,885.9,1012.8,10,28.8,-5.8,10,
4/25/2008,3,1,4,3,160,3,1250,1,882.5,1008.7,9,31.8,-4.9,10,
4/25/2008,4,0,4,3,350,2,1250,1,883.9,1009.9,14,26,-3.5,12,
4/26/2008,2,1,0,0,110,4,3000,0,886.5,1012.6,10,30.3,-4.5,10,
4/26/2008,3,0,4,0,190,3,1250,3,884.5,1010.5,8,32.7,-5.6,12,
4/26/2008,4,,,,70,2,3000,,884.7,1010.2,15,27,-1.8,10,
4/27/2008,1,1,0,3,0,0,3000,3,884.2,1010.1,20,22.5,-1.6,10,
4/27/2008,2,,,,130,4,3000,,886,1012.1,10,28.9,-5.5,8,5
4/27/2008,4,,,,0,0,3000,,881.5,1007,17,25.9,-1,15,
4/28/2008,2,,,,170,5,3000,,881,1006.6,8,29.4,-8.3,10,
4/28/2008,3,2,1,0,220,2,1250,1,877.2,1002.6,7,31.6,-8.4,15,
4/28/2008,4,6,4,3,330,2,1250,1,876.7,1001.4,14,26.9,-2.6,10,
4/29/2008,2,1,0,0,120,2,3000,0,876.9,1001.7,10,28.8,-5.8,10,
4/29/2008,3,6,1,3,210,2,1250,1,874.4,999.6,8,30.8,-7.2,10,
4/29/2008,4,5,4,3,260,2,1250,1,875.2,999.4,10,28.9,-5.7,12,
4/30/2008,1,6,0,3,0,0,3000,3,875,999.9,19,23.1,-1.8,10,
4/30/2008,2,6,5,7,110,3,1250,1,877.8,1002.4,12,28.4,-3.7,5,5
4/30/2008,3,5,3,7,310,4,800,5,876.8,1002.6,16,27.6,-0.5,6,5
4/30/2008,4,0,4,7,150,2,1250,3,877.1,1002.1,21,25.7,1.8,10,
5/1/2008,1,0,3,7,280,12,1250,4,878.2,1005.1,49,18.1,7.2,10,2
5/1/2008,2,2,1,0,290,3,1250,4,880,1006.9,37,21.5,6.2,10,1
5/1/2008,3,0,1,0,290,3,1250,4,877.4,1004.6,15,26.8,-2,12,
5/1/2008,4,,,,360,2,3000,,877.9,1005.2,20,23.6,-0.7,12,
5/2/2008,2,0,8,3,170,3,1250,4,877.3,1003.6,22,24.6,1.5,4,5
5/2/2008,3,0,8,3,270,5,1250,5,874.5,1000.8,15,26.2,-2.5,7,5
5/2/2008,4,,,,270,4,3000,,875.7,1002.5,14,21.6,-7,12,
5/3/2008,2,,,,260,6,3000,,877.1,1004.8,18,21.2,-4,12,
5/3/2008,3,0,4,0,290,8,1250,3,875.1,1003.4,13,23.8,-6.2,12,
5/3/2008,4,0,4,3,330,3,1250,3,875.7,1004.7,20,20,-3.6,10,
5/4/2008,1,0,4,3,310,2,1250,3,877.1,1005.6,41,15,1.9,10,
5/4/2008,2,0,1,0,310,6,1250,1,879.6,1007.9,14,21.9,-6.8,12,
5/4/2008,3,0,1,3,260,4,1250,1,877.9,1006.3,12,25.5,-6,15,
5/4/2008,4,0,0,3,0,0,3000,1,878.4,1006.2,19,21.4,-3.2,10,
5/5/2008,1,6,4,3,350,2,1250,1,878.8,1006.4,22,18.8,-3.3,10,
5/5/2008,2,6,4,0,120,4,1250,1,881.6,1009.8,18,22.1,-3.2,8,5
5/5/2008,3,7,4,3,220,4,1250,3,878.6,1006.1,14,25.9,-3.4,10,
5/5/2008,4,0,5,7,240,3,1250,4,878,1005.4,23,22,-0.3,10,2
5/6/2008,1,0,4,3,20,2,1250,3,876.1,1003.1,31,19,1.6,10,
5/6/2008,3,2,3,7,210,3,1250,3,873.4,999.9,15,26.3,-2.4,10,
5/6/2008,4,0,3,3,310,5,1250,4,874.1,999.8,19,22.6,-2,10,
5/7/2008,1,0,4,0,300,2,1250,1,873.2,999.8,25,18.9,-1.4,12,
5/7/2008,2,6,4,3,330,4,1250,1,874,1000.5,21,23,-0.5,6,5
5/7/2008,3,0,3,7,270,4,1250,4,871.6,997.9,12,26.6,-5.1,5,5
5/7/2008,4,5,4,3,300,6,1250,1,873,999.4,7,23.4,-14.4,12,
5/8/2008,1,1,4,0,270,6,1250,1,873.4,999.7,9,20.5,-13.5,10,
5/8/2008,2,1,1,7,260,8,1250,1,876,1003,13,22.2,-7.5,10,
5/8/2008,3,0,1,0,250,4,1250,3,875.2,1002.1,8,25.2,-11.4,10,
5/8/2008,4,0,3,7,330,5,1250,4,877.5,1004.8,15,22.6,-5.3,10,
5/9/2008,1,0,4,3,0,0,1250,1,876.6,1003.7,26,19.4,-0.6,10,
5/9/2008,2,0,5,7,140,3,1250,4,876.8,1003.7,19,23.5,-1.4,6,5
5/9/2008,3,0,3,7,250,3,1250,8,873.8,1000.4,14,26.1,-3.5,7,5
5/9/2008,4,0,4,0,290,9,1250,3,876,1002.9,20,22.1,-1.9,10,
5/10/2008,1,0,4,3,300,5,1250,1,877,1004.2,24,18.8,-2.2,12,
5/10/2008,2,7,1,7,290,5,1250,3,879.5,1007.7,19,20.2,-4.1,10,
5/10/2008,3,2,5,5,90,3,1250,3,879.9,1009.4,38,17.2,2.8,12,2
5/10/2008,4,0,4,0,60,3,1250,3,879.8,1009,34,17.4,1.4,15,
5/11/2008,2,0,1,0,290,4,1250,1,880,1008.9,17,22.2,-4,10,
5/11/2008,3,1,1,0,230,2,1250,1,878.1,1006.6,10,25.4,-8.4,10,
5/11/2008,4,1,0,0,340,4,3000,0,878.2,1006.1,10,21,-11.8,10,
5/12/2008,1,2,0,3,280,2,3000,1,877.3,1005.1,13,17.8,-11,10,
5/12/2008,2,2,4,7,260,4,1250,3,879.3,1007.1,15,23,-5,10,
5/12/2008,3,0,1,0,280,7,1250,1,877.5,1005.2,12,25.6,-5.9,15,
5/12/2008,4,0,0,3,340,2,3000,1,877.5,1005,14,21.6,-7,10,
5/13/2008,1,1,0,0,350,2,3000,0,878,1005.5,19,18.8,-5.3,10,
5/13/2008,2,6,0,0,240,9,3000,0,880.3,1008.1,15,23,-4.9,10,
5/13/2008,3,1,0,0,240,2,3000,0,877.3,1004.5,12,26.4,-5.1,12,
5/13/2008,4,0,4,0,360,2,1250,3,878.4,1005.6,22,22.3,-0.4,10,
5/14/2008,1,1,4,3,330,2,1250,1,878.7,1005.7,25,20.3,-0.4,10,
5/14/2008,2,0,9,3,290,3,800,8,880.9,1008.9,34,20.6,4.2,8,29
5/14/2008,3,0,3,3,70,4,1250,5,876.7,1002.6,23,25.5,2.9,12,
5/14/2008,4,0,3,3,60,5,800,5,877.3,1004.8,26,22.7,2.4,10,
5/15/2008,1,0,3,0,270,4,1250,4,878.2,1006.5,47,15.1,4,10,
5/15/2008,2,,,,300,2,3000,,881.1,1009.3,27,20.1,0.5,10,
5/15/2008,4,,,,0,0,3000,,880.2,1008.7,10,21.6,-11.3,10,
5/16/2008,2,1,0,0,170,3,3000,0,882,1009.6,10,24.8,-8.9,10,
5/16/2008,3,1,0,0,140,4,3000,0,878.8,1005.5,8,30.2,-7.7,12,
5/16/2008,4,1,3,0,300,7,1250,4,880.7,1007.1,18,25.7,-0.4,10,
5/17/2008,1,6,5,0,0,0,1250,1,880.1,1006,22,22.3,-0.4,10,
5/17/2008,2,6,0,0,270,4,3000,0,881.6,1007.5,14,28,-2,55,5
5/17/2008,4,0,4,0,290,5,1250,1,880.6,1006.1,10,26.8,-7.1,10,
5/18/2008,1,1,0,0,0,0,3000,0,879.9,1005.6,21,21.8,-1.5,10,
5/18/2008,2,1,0,3,180,2,3000,4,881.1,1006.5,14,28.3,-1.7,6,5
5/18/2008,3,5,1,3,210,5,1250,3,878.3,1003.8,13,31.4,-0.3,8,5
5/18/2008,4,2,0,0,280,5,3000,0,879.7,1005.4,28,24.3,4.6,10,1
5/19/2008,1,0,0,7,300,3,3000,8,878,1003.4,35,21.3,5.2,12,
5/19/2008,3,0,3,7,270,4,1250,5,878.7,1005,22,27.8,4.2,8,5
5/19/2008,4,1,5,5,270,8,1250,5,880.3,1006.7,31,23.2,5.2,7,7
5/20/2008,1,0,4,3,0,0,1250,3,878.3,1004.7,33,21,4.1,10,
5/20/2008,2,7,1,3,0,0,1250,1,879.2,1005.4,23,27,4.1,6,5
5/20/2008,3,2,3,0,340,5,1250,4,876.9,1002.8,14,29.6,-0.7,10,
5/20/2008,4,0,3,5,130,2,1250,4,877.4,1003.2,21,24.2,0.5,10,
5/21/2008,2,,,,260,4,3000,,878.3,1004.9,26,23.7,3.1,10,5
5/21/2008,3,0,1,0,280,9,1250,1,875.8,1002.3,13,30.1,-1,10,
5/21/2008,4,,,,290,6,3000,,877.7,1004.6,22,23,0.2,12,
5/22/2008,1,,,,270,4,3000,,878.4,1005.1,52,16.6,6.7,10,
5/22/2008,2,,,,180,3,3000,,879.9,1007.2,29,22.8,3.9,8,5
5/22/2008,3,0,1,0,240,4,1250,1,877.1,1004.1,14,28.8,-1.3,12,
5/22/2008,4,1,0,0,270,6,3000,0,877.3,1004,21,24.2,0.7,12,
5/23/2008,1,1,0,0,0,0,3000,0,878.3,1004.5,32,20.6,3.5,12,
5/23/2008,2,0,1,0,150,2,1250,1,880.3,1007.2,27,23.7,3.6,10,
5/23/2008,3,0,1,0,240,3,1250,3,877.9,1004,14,29.6,-0.7,10,
5/23/2008,4,,,,290,3,3000,,878.5,1004.7,14,26.8,-2.9,12,
5/24/2008,2,,,,170,3,3000,,881.6,1007.6,17,26.2,-0.8,10,
5/24/2008,3,0,4,0,180,3,1250,3,878.6,1004.4,12,30.8,-1.9,12,
5/24/2008,4,1,4,0,0,0,1250,1,878.6,1003.9,20,27.3,2.4,10,
5/25/2008,2,0,0,3,210,4,3000,1,880.2,1005.7,15,27.2,-1.4,10,
5/25/2008,3,2,1,0,210,4,1250,4,876.9,1001.8,10,32.5,-3,12,
5/25/2008,4,,,,0,0,3000,,876,1000.6,19,28,2.3,12,
5/26/2008,2,2,0,3,150,3,3000,1,877.3,1001.4,13,30.6,-0.9,12,
5/26/2008,3,0,1,0,150,3,1250,1,874.5,998.5,8,34.2,-4.7,15,
5/26/2008,4,2,4,3,350,3,1250,1,875.8,999.4,12,29.9,-2.6,15,
5/27/2008,2,1,0,0,280,10,3000,0,879.2,1003.7,7,29.4,-10,10,
5/27/2008,3,6,0,0,300,8,3000,0,877.9,1002.6,8,32,-6.3,10,
5/27/2008,4,5,0,0,340,2,3000,0,879.2,1004.1,16,27.2,-0.8,10,
5/28/2008,1,5,0,0,0,0,3000,0,878.2,1003,25,23.8,2.6,10,
5/28/2008,2,6,4,0,130,4,1250,4,878.3,1002.9,14,30,-0.4,4,5
5/28/2008,3,6,3,7,90,5,1250,4,877,1002.4,23,28,5,7,29
5/28/2008,4,0,3,7,70,2,1250,4,875.9,1000.5,45,23.6,11,10,29
5/29/2008,1,0,3,2,350,5,1250,6,875.5,1001.1,35,22.2,6,8,95
5/29/2008,2,0,3,3,140,5,1250,6,876.4,1002.5,27,25.1,4.8,10,1
5/29/2008,4,,,,340,2,3000,,875.2,1000.7,17,25.8,-1.1,10,
5/30/2008,1,1,0,0,290,4,3000,0,876.1,1000.9,14,24.4,-4.8,10,
5/30/2008,2,6,1,0,250,6,1250,1,878.8,1004.1,12,28.5,-3.4,6,5
5/30/2008,3,1,4,0,240,3,1250,1,877.7,1002.7,8,31.4,-6.5,10,
5/30/2008,4,6,0,0,0,0,3000,0,878.3,1003.5,15,26.2,-2.5,12,
5/31/2008,2,1,0,0,280,8,3000,0,879.3,1004.5,13,29.3,-1.9,10,
5/31/2008,3,0,1,0,290,10,1250,3,876.9,1002,9,33.2,-3.9,12,
5/31/2008,4,0,4,0,320,3,1250,3,878,1002.7,14,27.2,-2.6,10,
6/1/2008,1,0,4,3,330,2,1250,1,879,1004.1,31,21.6,3.8,8,5
6/1/2008,2,,,,150,4,3000,,881,1006.6,17,27,-0.1,10,
6/1/2008,3,0,1,0,240,5,1250,1,877.4,1002.4,10,33.2,-2.5,10,
6/1/2008,4,,,,350,2,3000,,877.6,1002.6,19,27.4,1.8,8,5
6/2/2008,2,,,,210,2,3000,,879.8,1004.4,12,30.8,-1.9,5,5
6/2/2008,3,0,4,0,290,4,1250,1,877.1,1001.1,9,34.2,-3.2,8,5
6/2/2008,4,0,4,7,320,4,1250,3,877.8,1001.6,13,29.8,-1.5,10,
6/3/2008,1,6,5,0,20,2,1250,1,876.6,1000.1,22,26.6,3.2,10,
6/3/2008,2,1,3,5,270,2,1250,5,878.6,1002.4,12,31.2,-1.5,7,5
6/3/2008,3,0,9,7,210,10,800,8,877,1000.2,13,32.8,0.8,8,7
6/3/2008,4,1,3,0,0,0,800,4,877.6,1001.6,22,27.8,4.4,10,1
6/4/2008,1,0,4,3,0,0,1250,3,877,1001.1,25,25.3,4.1,10,1
6/4/2008,2,0,0,3,220,2,3000,1,878.5,1002.5,15,32,2.2,10,
6/4/2008,4,,,,290,4,3000,,877.5,1001,26,28.4,7.1,10,
6/5/2008,2,,,,150,3,3000,,880,1005.3,25,26.1,4.6,8,5
6/5/2008,4,,,,350,2,3000,,875.6,1000.5,12,28.4,-3.7,12,
6/6/2008,2,,,,150,5,3000,,875.6,999.8,13,29,-1.9,10,
6/7/2008,1,0,4,3,350,2,3000,3,871.6,995.1,28,22.8,3.4,10,
6/7/2008,2,0,0,3,120,2,3000,1,873.4,996.4,12,32.2,-0.8,10,
6/7/2008,3,0,1,3,110,4,1250,1,871.5,994.9,11,35,0.2,15,
6/7/2008,4,,,,30,2,3000,,870.7,992.9,16,30,1.8,12,
6/8/2008,1,0,4,3,0,0,1250,1,871.4,994.1,22,26.1,2.7,10,
6/8/2008,2,0,1,0,210,3,1250,1,873.2,995.8,13,32.6,0.6,10,
6/8/2008,3,0,1,0,270,5,1250,1,870.9,993.3,7,36.6,-4.7,10,
6/8/2008,4,,,,330,2,3000,,871.3,993.7,9,30.4,-6,10,
6/9/2008,2,,,,230,3,3000,,874.8,998.6,19,27.8,2.1,6,5
6/9/2008,4,,,,300,4,3000,,874,998.8,29,24.8,5.6,10,
6/10/2008,2,,,,0,0,3000,,877.6,1003.1,25,27,5.3,7,5
6/10/2008,4,4,5,7,330,2,1250,1,874.3,998.1,20,30.4,4.9,10,
6/11/2008,1,5,3,7,40,7,1250,5,873.6,997.1,30,26,7.1,10,2
6/11/2008,2,,,,140,2,3000,,874.8,998.3,26,28.6,7.2,7,5
6/11/2008,3,0,1,0,160,4,1250,1,871.1,993.7,14,35,3.5,10,
6/11/2008,4,0,4,3,350,2,1250,1,870.3,993.2,17,31,3.1,10,
6/12/2008,2,,,,140,6,3000,,871.6,994,17,31.4,3.4,6,5
6/12/2008,3,0,1,0,260,7,1250,1,870.4,993.1,8,35.4,-3.8,7,7
6/12/2008,4,,,,300,5,3000,,871.9,994.6,9,30.8,-5.7,8,5
6/13/2008,2,,,,240,12,3000,,874.3,998,14,27.9,-1.8,5,7
6/13/2008,4,,,,320,5,3000,,873.5,997.7,13,28.2,-2.8,12,
6/14/2008,1,,,,290,3,3000,,873.7,998.5,40,19.2,5.3,10,
6/14/2008,2,,,,250,3,3000,,875.9,1000.6,17,26.8,-0.3,10,
6/14/2008,4,,,,310,3,3000,,873,997.5,17,27.4,0.2,10,
6/15/2008,2,,,,0,0,3000,,874.4,998.8,18,28.1,1.6,8,5
6/15/2008,4,,,,20,2,3000,,872.5,996.1,19,29.1,3.4,12,
6/16/2008,2,,,,180,3,3000,,875.6,999.2,14,30.9,0.3,7,5
6/16/2008,4,,,,70,2,3000,,872.4,994.9,12,32,-0.9,12,
6/17/2008,2,,,,250,3,3000,,874.6,997.5,14,30.6,0.4,6,5
6/17/2008,4,,,,300,5,3000,,872.6,996.1,27,26.9,6.3,8,5
6/18/2008,2,,,,250,2,3000,,875,999.3,18,29,2.3,10,
6/18/2008,3,2,0,0,140,2,3000,0,871.8,996,11,35,0.2,15,
6/18/2008,4,,,,280,6,3000,,871.9,995.7,28,26.6,6.6,10,
6/19/2008,1,0,0,3,290,4,3000,3,872.7,996.8,45,19.6,7.4,10,
6/19/2008,2,2,0,0,270,6,3000,0,874.9,999.7,29,26.4,7,10,
6/19/2008,3,1,0,0,270,4,3000,0,874.1,999.2,18,31.6,4.4,12,
6/19/2008,4,,,,280,7,3000,,874.8,1000.2,43,23.2,9.9,12,
6/20/2008,2,,,,260,3,3000,,877.3,1003,30,27,8,10,
6/20/2008,3,0,1,0,210,2,1250,1,874.3,999.5,17,33.4,5,10,
6/20/2008,4,,,,0,0,3000,,874.2,998.1,26,29.7,8.2,10,
6/21/2008,1,0,0,3,0,0,3000,1,874.2,997.6,37,25.2,9.5,10,
6/21/2008,2,0,4,3,220,3,1250,3,875.7,999.1,23,30.6,7.4,5,5
6/21/2008,3,0,4,0,120,2,1250,3,873.1,996.1,14,35.1,4.1,10,
6/21/2008,4,0,4,0,330,3,1250,1,873.3,996.1,15,31,1.4,10,
6/22/2008,2,0,1,0,240,2,1250,1,876.6,999.8,25,30.4,8.2,7,5
6/22/2008,3,0,1,0,280,3,1250,1,874,997.3,13,35,2.5,10,
6/22/2008,4,,,,0,0,3000,,873.4,996.2,23,30.7,7.5,10,
6/23/2008,1,0,4,3,240,2,1250,1,873.5,996.6,40,24.4,10.1,10,
6/23/2008,3,0,1,0,180,4,1250,3,873.8,997.4,12,34.2,0.8,7,5
6/23/2008,4,,,,270,5,3000,,874.2,998,28,28,7.8,10,
6/24/2008,1,0,9,7,270,6,800,6,875,999.2,62,20.4,12.9,8,95
6/24/2008,2,2,3,5,270,4,1250,4,877,1001.7,34,26.4,9.3,8,5
6/24/2008,3,0,1,0,270,4,1250,3,874.7,999.6,23,31.8,8.1,10,
6/24/2008,4,0,4,0,290,5,1250,1,875.1,999.6,28,28,7.8,10,
6/25/2008,1,0,4,0,320,3,1250,1,876.9,1002,51,20.6,10.1,10,
6/25/2008,2,0,2,0,240,2,1250,3,879.3,1004.1,29,27.7,8.1,10,
6/25/2008,3,0,1,0,0,0,3000,1,876.7,1001.6,19,33.2,6.5,10,
6/25/2008,4,0,1,3,70,2,1250,3,878.4,1002.5,21,31,6.1,10,
6/26/2008,1,0,4,3,30,2,1250,3,880.2,1004.2,32,26.6,8.6,10,
6/26/2008,2,0,4,3,160,4,1250,1,881.5,1005.4,31,29.4,10.5,7,5
6/26/2008,3,0,1,3,150,3,1250,3,878.4,1002,15,34.6,4.2,12,
6/26/2008,4,0,5,3,100,3,1250,3,879.5,1003.1,18,32.7,5.3,15,
6/27/2008,1,0,0,3,360,2,3000,6,880.8,1004.6,36,26,9.8,15,
6/27/2008,2,0,0,3,190,2,3000,1,884,1008.2,21,29.6,5,10,
6/27/2008,3,0,1,0,180,3,1250,3,880.1,1004.1,14,34.8,3.4,12,
6/28/2008,1,0,0,3,60,2,3000,5,879.2,1002.4,21,28.8,4.6,10,
6/28/2008,2,,,,130,5,3000,,880.4,1004,20,31.1,5.5,10,
6/28/2008,4,0,0,3,120,4,3000,1,875.6,998.4,15,32.6,2.6,10,
6/29/2008,2,0,0,3,210,2,3000,1,876,998.6,14,32.2,1.4,10,
6/29/2008,4,0,0,3,250,3,3000,3,872,994.1,14,32.2,1.4,12,
6/30/2008,2,,,,270,4,3000,,873.2,995.7,18,31,3.9,10,
6/30/2008,3,0,4,0,190,3,1250,1,870.2,992.8,13,35,2.5,12,
6/30/2008,4,0,3,3,290,7,1250,4,870.3,993.1,31,27.8,9.1,5,7
7/1/2008,1,0,3,3,320,3,1250,4,871.3,994.4,47,22.6,10.7,10,80
7/1/2008,2,2,1,3,280,5,1250,3,872.8,996.9,36,26.2,10,10,2
7/1/2008,3,1,1,6,280,5,1250,3,871.8,995.7,20,32.6,6.7,10,
7/1/2008,4,2,4,3,270,5,1250,3,874.2,998.9,37,26.2,10.4,10,
7/2/2008,1,0,5,0,270,2,1250,1,875,999.3,49,22,10.8,10,
7/2/2008,2,0,1,3,140,3,1250,3,876.9,1001.9,30,27,8,8,5
7/2/2008,3,0,1,0,210,3,1250,3,874.2,998.7,20,32.4,6.6,10,
7/2/2008,4,0,4,7,290,2,1250,3,874.7,998.6,24,30.2,7.4,10,
7/3/2008,1,0,4,7,310,3,1250,4,875.1,998.6,38,26,10.6,10,2
7/3/2008,2,0,3,7,80,4,1250,5,875.7,999.2,20,29.6,4.3,10,
7/3/2008,4,0,4,3,10,2,1250,3,872.6,995.4,20,31,5.4,10,
7/4/2008,1,0,5,3,310,2,1250,1,872.6,994.8,20,29,3.8,10,
7/4/2008,2,1,3,5,240,2,1250,5,874.1,997,16,30.9,2.5,8,5
7/4/2008,3,1,0,0,0,0,3000,0,871.7,993.7,13,35.7,3.5,5,5
7/4/2008,4,,,,310,2,3000,,872.2,994.9,11,31.3,-2.6,5,5
7/5/2008,1,0,0,3,290,3,3000,4,872.7,995.8,43,23,9.8,12,
7/5/2008,2,,,,270,4,3000,,875,998.4,27,28.4,7.6,8,5
7/5/2008,3,0,1,0,140,3,1250,1,872.7,996.3,13,34.4,2,10,
7/6/2008,2,0,1,3,210,2,1250,1,873.7,997,25,29.8,7.7,10,
7/6/2008,3,0,1,3,210,3,1250,1,871.1,994.2,16,35,5.5,10,
7/6/2008,4,0,4,0,320,2,1250,3,871.3,993.8,18,31.6,4.4,10,
7/7/2008,2,0,4,3,190,3,1250,3,873.1,995.3,19,32.2,5.7,7,5
7/7/2008,3,0,1,0,100,4,1250,3,870.2,992.6,13,36.6,3.7,8,5
7/7/2008,4,0,0,3,270,4,3000,3,869.9,991.7,26,31,9.3,8,5
7/8/2008,1,2,5,0,280,4,1250,1,871,993.6,48,23,11.4,10,
7/8/2008,2,,5,7,260,5,1250,5,873.1,996,32,28.8,10.5,8,5
7/8/2008,3,6,1,5,0,0,1250,3,870.4,993.5,16,35.2,5.6,6,5
7/8/2008,4,6,4,5,290,3,1250,1,870.9,994.3,35,27.4,10.5,5,5
7/9/2008,2,0,0,3,260,4,3000,1,874.7,998.9,32,28.1,9.9,6,5
7/9/2008,4,,,,330,3,3000,,874.2,997.5,21,31.4,6.5,8,5
7/10/2008,2,0,0,3,0,0,3000,1,876.6,999.5,20,32,6.3,6,5
7/10/2008,4,0,0,3,0,0,3000,3,873.7,995.4,20,34,7.9,10,
7/11/2008,1,0,5,5,330,3,1250,1,874.4,995.7,19,31.6,5.2,10,
7/11/2008,2,0,4,5,280,4,1250,3,876,997.8,22,33.4,8.6,7,5
7/11/2008,3,6,0,3,100,5,3000,3,873.9,996.9,9,39.7,1.6,10,
7/11/2008,4,1,0,3,90,4,3000,3,873.7,994.9,8,37,-2.7,10,
7/12/2008,1,2,5,3,310,2,1250,1,874.1,997.1,24,29.6,6.9,10,
7/12/2008,2,2,1,3,220,3,1250,1,876.4,997.6,17,34.4,5.8,10,
7/13/2008,1,0,0,3,50,2,3000,5,875.4,996.6,14,31.7,1,15,
7/13/2008,2,0,0,3,120,3,3000,1,878.4,1000.1,12,35,1.4,10,
7/13/2008,3,1,0,3,180,5,3000,1,876.3,997.7,9,39.2,0.6,12,
7/13/2008,4,0,4,3,80,3,1250,3,876.9,998.3,11,36,0.9,10,
7/14/2008,1,0,4,3,30,2,1250,1,877.4,999,17,30.8,3,10,
7/14/2008,2,0,0,3,220,3,3000,3,879.7,1001.9,17,32.6,4.4,7,5
7/14/2008,3,1,0,3,190,3,3000,1,876.9,998.5,9,39.8,1,10,
7/14/2008,4,0,0,3,40,2,3000,3,876.8,999,17,34.2,5.7,10,
7/15/2008,1,0,0,3,50,2,3000,4,875.9,997.1,17,31.2,3.3,10,
7/15/2008,2,0,5,3,230,4,1250,4,875.8,997.8,16,33.2,4,5,5
7/15/2008,3,0,4,3,130,5,1250,3,872.1,992.7,9,40.4,1.5,12,
7/15/2008,4,0,3,7,300,6,1250,4,871,992.6,24,32,8.9,7,5
7/16/2008,1,0,3,7,300,5,1250,3,871.3,993,37,24.6,9,10,
7/16/2008,2,2,0,3,270,5,3000,1,872.6,995,25,30.2,8,10,
7/16/2008,3,5,0,0,230,2,3000,0,869.5,991.7,15,37.2,6.3,12,
7/17/2008,1,0,1,3,280,4,1250,1,870.2,992.9,43,22,8.7,10,
7/17/2008,2,,,,210,4,3000,,873.9,998,29,28.2,8.5,6,5
7/17/2008,3,0,1,0,300,5,1250,1,871.5,994.6,19,34.6,7.6,6,5
7/17/2008,4,0,4,0,290,4,1250,1,872.3,995.6,19,30.4,4.2,10,
7/18/2008,2,0,1,0,170,4,1250,1,875,997.8,21,31.8,6.8,10,
7/18/2008,3,0,1,0,190,3,1250,1,873.6,997,11,36.6,1.4,10,
7/18/2008,4,,,,300,4,3000,,874.5,997.1,12,32.6,-0.5,10,
7/19/2008,1,,,,0,0,3000,,876.2,999.2,26,26.2,5.2,10,
7/19/2008,2,,,,220,3,3000,,877.6,1000.2,17,33,4.7,10,
7/19/2008,3,0,1,0,180,5,1250,1,875.2,997.9,11,37.9,2.9,10,
7/19/2008,4,,,,70,4,3000,,876.4,998.6,17,33.4,5,12,
7/20/2008,1,0,4,3,0,0,1250,3,878.2,1000.6,28,28.4,8.2,10,2
7/20/2008,2,,,,160,4,3000,,880.5,1003.9,18,30.4,3.4,10,
7/20/2008,3,0,1,0,120,3,1250,1,877.5,1000.4,12,36.2,2.3,15,
7/20/2008,4,2,0,0,0,0,3000,0,878.8,1002.2,21,31.7,6.7,15,
7/21/2008,1,2,0,0,340,3,3000,0,880.2,1003.4,24,27.6,5.2,15,
7/21/2008,2,1,0,3,170,4,3000,1,882.8,1006.8,19,30.4,4.2,10,
7/21/2008,3,0,1,3,140,4,1250,1,879.9,1003.2,14,35.8,4.2,10,
7/21/2008,4,,,,360,2,3000,,879.5,1002.9,23,31.8,8.1,10,
7/22/2008,1,0,0,3,0,0,3000,4,880,1002.9,25,29.2,7.2,10,
7/22/2008,2,0,3,3,140,5,1250,4,881.5,1005.4,24,29.8,7.1,10,
7/22/2008,3,0,1,3,190,2,1250,3,878.3,1001.3,14,35,3.5,15,
7/22/2008,4,0,4,3,90,2,1250,3,878.1,1001.6,19,31.6,5.2,10,
7/23/2008,1,0,4,7,0,0,1250,1,877.4,1000.2,31,28.2,9.5,10,
7/23/2008,2,0,4,3,150,3,1250,1,878.6,1001.9,18,31.2,4.4,10,
7/23/2008,3,0,4,3,180,2,1250,1,875,997.6,12,35.9,2.5,10,
7/23/2008,4,2,4,7,340,2,1250,3,876.8,999.7,18,32.4,5.1,10,
7/24/2008,1,0,4,5,80,2,1250,4,876.9,999.5,26,28.8,7.4,10,2
7/24/2008,2,0,1,0,220,4,1250,1,878.1,1000.9,21,32,7,10,
7/24/2008,3,0,2,3,90,3,1250,3,874.9,997.2,14,36.4,4.6,15,
7/24/2008,4,6,3,3,80,5,800,4,876.9,1000.2,30,28.7,9.2,15,1
7/25/2008,1,1,0,0,0,0,3000,0,875.9,998.8,34,25.6,8.4,10,
7/25/2008,2,0,1,0,210,3,1250,1,878,1001.8,26,30.6,8.9,12,
7/25/2008,3,0,2,0,150,5,1250,3,874.4,997.3,16,36,6.2,12,
7/25/2008,4,0,3,0,180,5,800,5,875.5,998.4,19,32.2,5.7,15,13
7/26/2008,1,0,5,3,320,2,1250,1,875.4,997.8,30,28.2,9,15,2
7/26/2008,2,0,1,0,180,2,1250,1,877.5,1000.5,24,31,8.1,12,
7/26/2008,3,0,1,0,140,5,1250,3,874.5,997.2,15,35,4.5,15,
7/26/2008,4,0,4,0,120,2,1250,3,875.3,997.9,24,32.2,9.1,10,
7/27/2008,2,0,0,3,160,2,3000,1,876.5,999,12,33.4,0.2,12,
7/27/2008,3,2,5,3,110,2,1250,4,873.3,995.4,12,37.2,3.1,15,
7/28/2008,1,0,4,3,300,2,1250,3,873.6,994.9,21,31,6.1,10,
7/28/2008,2,0,4,5,120,3,1250,3,874.6,996.4,12,34.2,1.2,10,
7/28/2008,3,1,3,5,120,3,1250,4,871.9,992.7,10,39.4,2.7,10,
7/28/2008,4,0,5,3,60,2,1250,4,872.9,994,15,35.1,4.6,15,
7/29/2008,1,0,4,3,0,0,1250,1,873.5,994.6,14,30.8,0.2,15,
7/29/2008,2,0,0,3,210,3,3000,1,875.8,997.2,9,35.8,-2,10,
7/29/2008,3,0,4,3,190,3,1250,1,873.7,995,7,38.8,-3.1,15,
7/29/2008,4,0,4,3,160,2,1250,3,874.8,996.3,10,34,-1.9,12,
7/30/2008,2,,,,0,0,3000,,878.4,1001.1,11,32.2,-2,12,
7/30/2008,3,0,1,0,210,4,1250,1,875.2,997.8,9,36.6,-1.4,15,
7/30/2008,4,,,,40,2,3000,,876.2,998.9,17,32,3.9,10,
7/31/2008,2,,,,190,3,3000,,879.2,1002.4,20,31.4,5.8,10,
7/31/2008,3,0,4,0,210,3,1250,3,876.7,998,10,36.6,0.1,15,
7/31/2008,4,0,0,3,310,3,3000,1,877.9,1000.7,16,33,3.9,12,
8/1/2008,2,,,,0,0,3000,,880.7,1004.1,24,30.4,7.6,10,
8/1/2008,3,0,1,0,220,4,1250,1,877.2,1000.1,14,35.6,3.7,15,
8/1/2008,4,0,0,3,0,0,3000,1,877.8,1001,19,32,5.5,15,
8/2/2008,2,,,,210,3,1250,,879.9,1002.9,18,32.8,5.4,10,
8/2/2008,3,0,1,0,210,3,1250,3,877.5,1000.5,12,37,2.9,10,
8/2/2008,4,0,4,0,290,4,1250,1,877.2,999.9,28,31,10.4,10,
8/3/2008,1,0,5,3,280,3,1250,1,878.4,1001.7,43,24.2,10.8,10,
8/3/2008,2,0,4,3,250,4,1250,1,879.9,1003.5,28,30.2,9.7,10,
8/3/2008,3,0,1,0,170,4,1250,3,877.3,1000.9,13,36.3,3.5,10,
8/3/2008,4,0,4,3,0,0,1250,1,877.8,1001.2,21,31.6,6.6,10,
8/4/2008,2,,,,0,0,3000,,879.4,1002.3,17,33.3,5,6,5
8/4/2008,3,0,1,0,170,4,1250,3,875.8,998.4,12,36.9,2.8,10,
8/4/2008,4,,,,20,2,3000,,875.9,998.3,21,31.8,6.8,10,
8/5/2008,2,,,,170,4,3000,,877.1,999.9,14,33,2,10,
8/5/2008,4,0,0,3,340,2,3000,3,874.6,996.8,18,32.4,5.1,15,
8/6/2008,2,0,0,3,180,3,3000,1,875.5,997.5,12,34.8,1.2,10,
8/6/2008,3,0,0,3,210,3,3000,1,872.2,993.7,8,39.4,-0.9,15,
8/6/2008,4,,,,350,2,3000,,872.4,993.8,16,32.6,3.5,10,
8/7/2008,2,,,,160,3,3000,,875.7,997.1,11,33,-1.3,10,
8/7/2008,4,,,,50,2,3000,,873.1,995.2,13,32.2,0.3,12,
8/8/2008,2,0,0,3,140,4,3000,1,874.7,997.1,11,33.1,-0.9,10,
8/8/2008,4,,,,30,2,3000,,872.6,994.6,13,32.4,0.5,10,
8/9/2008,1,0,0,3,300,5,3000,4,873.4,996.2,52,22.4,12.1,10,
8/9/2008,4,0,4,3,260,5,1250,3,873.7,997.3,34,27.1,10.1,7,5
8/10/2008,1,0,4,3,270,4,1250,3,875.2,999,52,21.1,11,10,
8/10/2008,2,0,0,3,230,3,3000,1,877.5,1002,30,28.6,9.3,10,
8/10/2008,4,0,3,6,110,8,1250,4,873.7,996.6,19,32.6,6,10,
8/11/2008,1,0,4,7,70,2,1250,1,874.6,996.8,23,29.8,6.5,10,
8/11/2008,2,0,0,3,130,4,3000,3,876.8,999.9,26,29.6,8.1,7,5
8/11/2008,3,0,1,0,140,5,1250,1,873.4,995.4,14,35.8,4.2,10,
8/11/2008,4,0,4,3,0,0,1250,1,873.9,996.6,17,32.8,4.6,10,
8/12/2008,1,0,4,3,0,0,1250,3,874.9,997.6,16,28,-0.1,10,
8/12/2008,2,,,,260,3,3000,,876.3,999.3,13,30.6,-0.9,7,5
8/12/2008,3,0,1,0,170,3,1250,1,873.5,996.1,10,35.6,-0.7,10,
8/12/2008,4,,,,100,2,3000,,873.7,996.4,11,32.6,-1.7,12,
8/13/2008,2,,,,180,4,3000,,877.5,1000.9,14,29.6,-0.7,10,
8/13/2008,3,0,4,0,170,3,1250,1,874.9,998.2,9,34.8,-2.7,12,
8/13/2008,4,,,,50,2,3000,,875.5,999,13,31.1,-0.2,15,
8/14/2008,2,,,,270,3,3000,,879.2,1003.3,21,28.4,4,10,
8/14/2008,3,0,4,0,220,3,1250,1,875.8,999.6,8,34,-4.9,15,
8/14/2008,4,0,4,0,60,2,1250,1,876.9,1001.1,17,29.4,1.8,12,
8/15/2008,1,,,,330,3,3000,,877.7,1001.9,26,24.2,3.5,10,
8/15/2008,2,,,,160,2,3000,,880,1004.9,22,27.2,3.7,8,
8/15/2008,3,,,,140,3,3000,,876.9,1001.4,12,32.8,-0.3,10,
8/15/2008,4,0,0,3,80,2,3000,4,878.6,1003.1,16,30.4,1.8,10,
8/16/2008,2,,,,170,5,3000,,881,1005.9,17,27.7,0.7,10,
8/16/2008,3,0,4,0,160,2,1250,1,878.1,1002.5,13,32.6,0.9,10,
8/16/2008,4,,,,10,2,3000,,878.9,1003.6,21,28.6,4.2,6,5
8/17/2008,2,,,,180,4,3000,,881.6,1006.5,16,29,0.7,15,
8/17/2008,4,,,,0,0,3000,,879.6,1004.2,19,28.3,2.8,10,
8/18/2008,2,,,,90,2,3000,,882.6,1007.6,11,30.4,-3.3,12,
8/18/2008,3,0,1,0,210,4,1250,1,879.4,1003.8,10,33.4,-2.3,10,
8/18/2008,4,,,,30,2,3000,,879.5,1003.8,17,29,1.5,12,
8/19/2008,2,0,1,0,200,3,1250,1,880.5,1004.8,14,30.8,0.2,7,5
8/19/2008,3,0,3,0,150,4,1250,4,878.2,1002.3,11,34,-0.6,12,
8/19/2008,4,0,4,0,0,0,1250,1,879.1,1003.2,17,29.2,1.7,10,
8/20/2008,2,,,,130,5,3000,,881.9,1006.3,15,30.8,1.2,10,
8/20/2008,4,,,,0,0,3000,,880,1004.1,19,29.6,3.6,10,
8/21/2008,2,,,,210,3,3000,,882.5,1007.2,15,29.8,0.4,10,
8/21/2008,3,0,1,0,190,4,1250,3,879.4,1003.8,10,34,-1.9,10,
8/21/2008,4,,,,0,0,3000,,879.7,1004,19,29,3.1,15,
8/22/2008,2,0,0,3,240,3,3000,1,882.3,1007.1,14,29.6,-0.7,12,
8/22/2008,3,1,1,3,210,4,1250,1,879.3,1003.7,12,33.2,0,15,
8/22/2008,4,0,4,3,170,2,1250,3,879.2,1003.5,15,29.8,0.4,10,
8/23/2008,1,0,4,3,350,2,1250,3,880.5,1005.4,23,24,1.6,10,
8/23/2008,2,,,,190,4,3000,,882.1,1006.9,17,28.6,1.2,8,5
8/23/2008,3,1,4,3,270,2,1250,3,879.5,1004.5,11,32.4,-1.8,8,5
8/23/2008,4,1,0,3,160,2,3000,1,881.1,1006,20,28.6,3.5,12,
8/24/2008,1,0,0,3,340,2,3000,1,881.8,1006.7,28,24.8,5.1,10,
8/24/2008,2,,,,120,4,3000,,883.2,1008,12,30.8,-1.6,12,
8/24/2008,3,1,4,0,170,3,1250,1,881.1,1005.7,11,34.2,0,15,
8/24/2008,4,1,0,0,20,98,3000,0,881.9,1006.1,,,3,10,
8/25/2008,2,,,,120,3,3000,,883.6,1008.1,14,31.2,0.6,10,
8/25/2008,3,0,2,3,150,2,1250,3,880.7,1004.5,11,36,0.9,12,
8/25/2008,4,,,,330,2,3000,,882.9,1007.3,21,29.4,4.8,10,1
8/26/2008,2,0,1,0,150,3,1250,1,884.6,1009.1,17,31.6,3.6,7,5
8/26/2008,3,0,3,0,50,5,1250,4,882.3,1006.1,13,37.2,4.2,10,
8/26/2008,4,0,4,3,270,5,1250,1,883.8,1008.1,19,30,3.9,12,
8/27/2008,1,0,4,0,330,2,1250,1,882.5,1006.3,23,26,3.3,10,
8/27/2008,2,0,1,0,120,4,1250,1,884.2,1008.7,16,31.2,2.4,10,
8/27/2008,3,0,3,0,360,6,1250,5,881.5,1005.8,15,34,3.7,10,
8/27/2008,4,0,4,3,60,2,1250,1,882,1006.3,20,29.2,4,10,
8/28/2008,1,0,4,3,0,0,1250,3,881.6,1005.8,26,26.6,5.5,10,
8/28/2008,2,0,2,3,180,3,1250,4,883.2,1007.7,17,31.2,3.3,8,5
8/28/2008,3,0,2,3,180,4,1250,4,880.5,1004.5,13,34.8,2.3,10,
8/28/2008,4,0,9,3,330,4,1250,4,881.7,1005.9,21,29.4,4.8,10,
8/29/2008,1,0,9,3,40,3,1250,6,882.2,1006.3,43,25.2,11.7,8,5
8/29/2008,2,1,0,0,150,3,3000,0,883.4,1008.2,32,28.4,10.1,8,
8/29/2008,3,2,3,6,240,3,1250,4,880.2,1004.6,17,33.4,5,12,
8/29/2008,4,0,2,0,0,0,1250,3,881.3,1006,29,28.8,9,15,
8/30/2008,1,0,0,3,0,0,3000,4,880.9,1005.3,32,25.6,7.7,15,
8/30/2008,2,,,,160,2,3000,,882,1006.8,22,29.2,5.3,8,5
8/30/2008,3,0,1,0,240,4,1250,1,878.3,1002.6,15,34.2,3.9,10,
8/30/2008,4,,,,0,0,3000,,878.7,1002.8,26,29.4,7.9,10,
8/31/2008,2,,,,200,3,3000,,879.5,1003.5,20,30.8,5.3,5,5
8/31/2008,3,0,4,0,250,6,1250,6,876.8,999.9,9,37.4,-0.8,10,
8/31/2008,4,0,4,3,60,2,1250,3,878.9,1002.2,15,32.2,2.3,10,
9/1/2008,1,0,4,0,0,0,1250,1,879.8,1002.9,26,26.6,5.5,10,
9/1/2008,2,,,,190,2,3000,,881.9,1005.2,15,33.2,3.1,6,5
9/1/2008,3,0,1,0,120,2,1250,3,879.9,1003.6,11,35.8,0.8,12,
9/1/2008,4,,,,360,2,3000,,880.5,1003.7,20,31,5.4,10,
9/2/2008,2,,,,180,2,3000,,884.5,1008.7,21,31,6.1,10,
9/2/2008,4,,,,320,3,3000,,883.1,1007.5,19,29.8,3.7,10,
9/3/2008,2,,,,210,2,3000,,885.5,1010.5,35,28.2,11.3,8,5
9/3/2008,3,0,3,0,210,4,1250,4,882.1,1006.5,19,33.8,7,12,
9/3/2008,4,0,4,0,120,3,1250,1,882.3,1007.2,,,6.7,10,
9/4/2008,2,0,1,3,0,0,1250,3,883.5,1007.7,15,32.6,2.6,8,5
9/4/2008,4,0,4,0,30,2,1250,3,883,1007.1,28,28.8,8.5,12,1
9/5/2008,2,0,0,3,0,0,3000,1,884.4,1009.6,25,28.8,7,10,
9/5/2008,3,0,2,0,180,4,1250,3,881.2,1005.6,16,33.6,4.6,10,
9/5/2008,4,,,,0,0,3000,,881.3,1005.8,27,29.6,8.6,10,
9/6/2008,2,,,,0,0,3000,,885,1010.6,35,26,9.4,8,5
9/6/2008,3,1,3,3,150,3,800,5,881.5,1006.8,25,30,7.8,10,
9/6/2008,4,0,1,3,0,0,1250,1,881.4,1007.3,27,26.4,5.9,15,1
9/7/2008,1,0,1,3,100,2,1250,3,881.5,1006.9,32,24.7,6.9,15,
9/7/2008,2,,,,210,2,3000,,882.9,1009,18,26.8,0.5,8,5
9/7/2008,3,0,1,0,130,4,1250,3,880.8,1006.1,11,31,-2.9,15,
9/7/2008,4,2,4,5,0,0,1250,3,882,1007.6,16,28.2,0,10,
9/8/2008,2,0,0,3,120,3,3000,4,882.3,1007.3,12,29.8,-2.6,10,
9/8/2008,3,4,1,3,90,3,1250,3,879.1,1003.8,11,32.6,-1.7,10,
9/8/2008,4,6,4,3,260,8,1250,3,881.3,1006.2,22,27.6,4,10,
9/9/2008,1,6,4,3,290,3,1250,3,881.5,1006.5,32,24,6.3,10,
9/9/2008,2,,,,110,2,3000,,881.2,1006.5,24,27.4,5.1,8,5
9/9/2008,3,5,3,0,240,7,800,4,877.6,1002.2,16,32.4,3.4,6,7
9/9/2008,4,6,3,7,300,6,800,9,879.1,1004.1,22,27.4,3.5,8,7
9/10/2008,2,0,1,0,210,3,1250,1,878.9,1003.6,30,28.2,9,8,5
9/10/2008,4,0,4,0,280,2,1250,3,878.9,1004.5,38,23.4,8.3,10,1
9/11/2008,1,0,4,0,330,2,1250,1,877.3,1003.1,45,22,9.5,10,
9/11/2008,2,0,2,0,280,5,1250,3,878.3,1004.6,32,24.8,7,8,5
9/11/2008,3,2,2,0,310,7,1250,3,874.9,1000,18,30.4,3.4,6,7
9/11/2008,4,0,4,0,0,0,1250,3,876.9,1002.9,27,24.4,4.2,8,5
9/12/2008,1,0,4,0,300,4,1250,1,877.6,1002.9,32,22.4,4.9,7,5
9/12/2008,2,0,1,0,240,4,1250,1,880,1006.1,30,26,7.1,5,5
9/12/2008,4,,,,360,2,3000,,879.5,1005.5,16,26,-1.7,10,
9/13/2008,2,,,,130,2,3000,,882.1,1008.1,20,26.6,1.8,6,5
9/13/2008,3,0,1,0,200,2,1250,1,878.9,1004.4,12,31.6,-1.2,10,
9/13/2008,4,,,,40,2,3000,,879.6,1005.3,19,26.4,0.9,10,
9/14/2008,2,,,,120,3,3000,,881.9,1007.5,14,28.8,-1.3,8,5
9/14/2008,3,0,4,0,150,2,1250,1,878.8,1004,12,32.6,-0.5,10,
9/14/2008,4,0,0,3,0,0,3000,3,879.7,1004.6,23,27,4.1,12,
9/15/2008,1,0,0,3,30,3,3000,4,878.9,1003.2,19,26,0.6,15,
9/15/2008,2,1,4,3,190,3,1250,1,880.4,1005.1,12,31,-1.7,10,
9/15/2008,3,0,2,0,180,3,1250,3,877.5,1001.5,9,33.8,-3.5,12,
9/15/2008,4,0,4,3,300,2,1250,1,878.4,1002.4,19,28.4,2.6,12,
9/16/2008,1,0,4,3,300,4,1250,1,879.3,1003.6,46,23.2,11,12,
9/16/2008,2,0,1,3,240,3,1250,1,880.8,1005.7,30,27.4,8.3,5,5
9/16/2008,3,0,1,3,130,7,1250,4,877.9,1002.7,13,33,0.9,5,5
9/16/2008,4,0,1,3,80,2,1250,1,878.5,1003.3,17,28.8,1.3,10,
9/17/2008,1,0,4,3,280,2,1250,3,878.7,1003.2,36,24,8,10,
9/17/2008,2,1,4,3,110,2,1250,1,880.2,1005,22,28.1,4.7,5,5
9/17/2008,3,0,4,3,330,2,1250,3,877.4,1002.3,14,31.2,0.9,10,
9/17/2008,4,0,3,5,350,4,1250,5,880.1,1005.6,25,25.8,4.3,8,5
9/18/2008,1,0,3,0,40,2,1250,3,880.3,1005.7,30,23.2,4.7,10,
9/18/2008,2,,,,0,0,3000,,881.7,1008,24,25.4,3.4,10,
9/18/2008,3,0,1,0,0,0,1250,3,878.3,1003.8,18,29.6,2.8,12,
9/18/2008,4,,,,0,0,3000,,878.8,1004.6,30,25.4,6.6,10,
9/19/2008,1,0,1,3,0,0,1250,3,879,1004.5,35,23,6.7,10,
9/19/2008,2,0,1,3,100,2,1250,3,880.5,1006.1,19,28.2,2.4,10,
9/19/2008,3,0,3,0,210,4,1250,4,878.7,1003.9,15,31.6,1.8,10,
9/19/2008,4,,,,50,2,3000,,879.7,1004.7,24,27.2,4.9,10,
9/20/2008,1,0,0,3,30,2,3000,4,880.1,1004.9,24,25.4,3.4,10,
9/20/2008,2,0,4,0,130,5,1250,3,882.4,1007.7,17,29,1.5,8,5
9/20/2008,4,,,,0,0,3000,,881.2,1006.3,21,27.4,3.2,10,
9/21/2008,1,,,,0,0,3000,,881.8,1007.3,30,22.8,4.3,10,
9/21/2008,2,,,,110,3,3000,,883.6,1009.1,12,29.6,-2.8,10,
9/21/2008,4,,,,340,3,3000,,880.6,1005.7,17,26.6,-0.4,10,
9/22/2008,2,,,,0,0,3000,,881,1006.1,12,30.2,-2.3,10,
9/22/2008,4,,,,0,0,3000,,878.6,1003.3,20,26.4,1.7,15,
9/23/2008,2,,,,0,0,3000,,880.1,1005.5,13,28.4,-2.6,8,5
9/23/2008,4,,,,340,3,3000,,877.9,1003,22,26,2.7,10,
9/24/2008,2,,,,280,2,3000,,880.7,1006.2,14,28.4,-1.6,8,5
9/24/2008,4,,,,350,2,3000,,879.3,1004.4,18,27,0.7,10,
9/25/2008,2,,,,120,2,3000,,880.4,1005.9,18,27.4,1.3,5,5
9/25/2008,3,0,4,3,300,7,1250,1,877.1,1002,11,32.7,-1.2,12,
9/25/2008,4,0,4,3,330,2,1250,1,878.7,1004,19,26.4,0.9,10,
9/26/2008,2,0,1,0,0,0,1250,1,879.4,1004.9,25,26.6,5,10,
9/26/2008,3,1,1,0,270,3,1250,1,887.6,1001.9,12,30.8,-1.9,12,
9/26/2008,4,,,,310,3,3000,,877.2,1002.9,16,25,-2.5,10,
9/27/2008,2,0,0,3,280,8,3000,1,879,1005.3,27,24.4,4.2,6,7
9/27/2008,3,0,1,0,270,7,1250,3,877,1003,14,27.8,-2.1,12,
9/27/2008,4,0,4,3,330,2,1250,1,876.7,1003,22,24,1,10,
9/28/2008,2,6,0,0,260,8,3000,0,877.7,1004,24,24.6,2.7,4,7
9/28/2008,3,6,3,3,300,8,1250,5,875.3,1001.4,20,27.2,2.3,5,7
9/28/2008,4,6,3,0,300,8,1250,4,877.3,1003.7,27,23.6,3.5,5,7
9/29/2008,1,8,5,0,260,5,1250,3,877.9,1004.7,33,19.6,2.9,5,5
9/29/2008,2,,,,240,9,3000,,880,1007.2,27,23.6,3.5,6,5
9/29/2008,3,0,1,0,270,11,1250,3,878.9,1006.1,13,26.6,-4.1,10,
9/29/2008,4,,,,320,5,3000,,880.2,1007.7,15,23.1,-4.9,15,
9/30/2008,2,,,,120,3,3000,,884.1,1012.3,30,21.2,3,9,5
9/30/2008,4,,,,0,0,3000,,881.4,1009.4,30,22.2,3.8,10,
10/1/2008,2,0,1,0,170,2,1250,1,882.2,1009.6,23,24.8,2.3,10,
10/1/2008,3,0,3,7,190,3,1250,4,877.8,1004.4,17,28.2,0.9,10,
10/1/2008,4,0,4,3,260,7,1250,3,880.2,1007.4,33,21,4.1,10,
10/2/2008,2,,,,250,4,3000,,882.7,1011,28,22,2.7,7,5
10/2/2008,4,,,,310,4,3000,,883.3,1012.1,26,20,-0.1,12,
10/3/2008,2,,,,220,2,3000,,886.1,1015.4,30,21,2.9,10,
10/3/2008,4,2,0,3,340,2,3000,3,885.4,1014.2,31,21.6,3.8,15,
10/4/2008,2,,,,290,2,3000,,886.5,1014.8,23,24,1.6,10,
10/4/2008,4,,,,0,0,3000,,884.8,1012.8,33,21.6,4.7,12,
10/5/2008,2,,,,130,2,3000,,885.2,1013.3,18,24.4,-1.3,10,
10/5/2008,3,1,0,0,120,2,3000,0,881.6,1009.1,17,27.4,0.6,12,
10/5/2008,4,1,0,0,350,2,3000,0,882.3,1009.6,29,22.6,3.7,10,
10/6/2008,2,,,,280,3,3000,,884.4,1011.9,21,25,1.2,5,5
10/6/2008,3,1,0,0,250,7,3000,0,881.3,1008.4,10,29,-5.7,10,
10/6/2008,4,,,,330,2,3000,,881.2,1008.3,14,23.2,-5.8,10,
10/7/2008,2,,,,130,2,3000,,883.1,1010.2,15,24.4,-3.7,5,5
10/7/2008,4,,,,60,2,3000,,881.5,1008.8,20,22.8,-1.3,10,
10/8/2008,2,,,,150,2,3000,,883.7,1011.6,18,23.4,-2.2,8,5
10/8/2008,4,,,,290,3,3000,,880.7,1007.9,19,23.8,-1.2,10,
10/9/2008,2,1,0,0,270,4,3000,0,883.4,1009.8,17,24.6,-2,10,
10/9/2008,3,1,4,3,290,6,1250,3,880.8,1007.6,12,28.4,-3.7,15,
10/9/2008,4,0,4,3,330,3,1250,1,881.4,1008.5,20,23.6,-0.7,10,
10/10/2008,1,0,4,3,280,5,1250,3,881.9,1008.7,25,21,0.2,10,
10/10/2008,2,6,1,0,270,7,1250,1,884,1011.8,37,22,6.7,10,
10/10/2008,3,6,1,7,300,8,1250,1,882.9,1010.3,13,26.6,-4.1,15,
10/10/2008,4,6,4,3,260,4,1250,1,884.7,1013.4,32,20.6,3.3,12,
10/11/2008,1,6,3,7,90,3,1250,4,886.9,1015,36,19.8,4.3,10,
10/11/2008,2,0,3,7,180,3,1250,4,889.1,1018.8,41,20,6.4,10,2
10/11/2008,3,2,4,3,180,3,1250,3,885.8,1014.2,27,24.6,4.4,10,
10/11/2008,4,,3,1,320,4,1250,5,887.9,1017.1,38,21.6,6.7,10,80
10/12/2008,1,0,4,0,0,0,1250,3,886.6,1015.1,50,19,8.4,12,1
10/12/2008,2,6,1,0,0,0,1250,1,888.3,1017.2,29,22.4,3.5,10,
10/12/2008,3,5,1,0,160,4,1250,1,885.8,1014.1,22,26,2.7,12,
10/12/2008,4,0,0,3,330,2,3000,4,887.8,1016.6,31,21.6,3.8,12,
10/13/2008,2,,,,0,0,3000,,890.7,1019.4,24,25,3,8,5
10/13/2008,3,0,2,0,280,9,1250,3,887.8,1015.6,13,29.6,-1.7,10,
10/13/2008,4,2,0,0,360,2,1250,0,889,1017,21,23.6,0,10,
10/14/2008,1,0,0,3,0,0,3000,1,889.1,1016.6,29,21,2.3,10,
10/14/2008,2,,,,210,2,3000,,890.5,1018.6,18,25.8,-0.3,5,5
10/14/2008,3,0,4,0,270,9,1250,3,887.4,1014.7,12,30.2,-2.3,10,
10/14/2008,4,,,,0,0,3000,,888.5,1016,17,25,-1.7,10,
10/15/2008,2,2,0,0,150,3,3000,0,891.4,1019.5,18,24.8,-1.1,7,5
10/15/2008,3,7,0,0,170,2,3000,0,888.6,1016.8,18,26.8,0.5,10,
10/15/2008,4,8,0,0,10,2,3000,0,887.8,1015.9,29,22.6,3.7,10,
10/16/2008,1,8,0,0,90,2,3000,0,885.3,1012.9,30,20.8,2.6,8,5
10/16/2008,2,6,0,5,190,2,3000,5,886.3,1014.8,24,22.2,0.7,8,5
10/16/2008,3,5,1,5,150,2,1250,1,882.5,1010.1,18,25.8,-0.3,8,5
10/16/2008,4,0,4,3,350,2,1250,1,882.5,1010.6,28,21.4,2.2,8,5
10/17/2008,1,0,0,3,0,0,3000,4,881.5,1009.3,38,18.4,3.8,10,
10/17/2008,2,0,4,3,140,2,1250,3,883,1010.7,18,24.8,-1.1,10,
10/17/2008,3,0,3,7,70,2,1250,5,880,1007.3,13,28,-3,10,
10/17/2008,4,1,3,0,280,3,1250,4,881.7,1009.2,22,21.8,-0.8,10,
10/18/2008,1,5,4,0,300,4,1250,1,882.3,1010.3,48,16,5,10,
10/18/2008,2,,,,250,4,3000,,884.4,1012.9,27,22,2.2,6,5
10/18/2008,3,4,0,0,250,8,3000,0,882.7,1011.5,13,25.6,-4.8,12,
10/18/2008,4,1,0,0,290,2,3000,0,884.6,1013.6,21,19.8,-3.1,10,
10/19/2008,1,1,0,0,280,2,3000,0,885.1,1014.4,46,14.6,3.1,10,
10/19/2008,2,,,,320,2,3000,,887.6,1017.4,24,20.4,-0.8,6,5
10/19/2008,3,0,1,0,90,0,1250,3,886.1,1016,16,24.4,-3,15,
10/19/2008,4,,,,290,2,3000,,887.5,1017.5,32,18.8,1.8,10,
10/20/2008,1,1,0,0,260,3,3000,0,887.7,1017.6,38,15.4,1.2,10,
10/20/2008,3,0,1,0,170,2,1250,1,884.2,1014.1,26,22.2,1.8,15,
10/20/2008,4,,,,0,0,3000,,884.2,1014.3,38,18,3.5,15,
10/21/2008,2,,,,180,2,3000,,885.4,1015.2,26,20.8,0.6,10,
10/21/2008,3,1,1,0,180,4,1250,1,882.4,1011.6,22,24.2,1.2,10,
10/21/2008,4,,,,30,2,3000,,883.5,1012.4,28,20.4,1.1,10,
10/22/2008,2,0,0,3,260,6,3000,6,886.7,1016.1,25,21,0.2,8,5
10/22/2008,3,0,4,3,190,3,1250,3,884.2,1013.5,20,23.6,-0.7,10,
10/22/2008,4,6,4,3,330,2,1250,3,886.1,1015.4,26,20,-0.1,10,
10/23/2008,1,1,4,3,330,2,1250,3,886.2,1015.7,41,16.4,3.1,10,
10/23/2008,2,1,0,0,210,2,3000,0,887.8,1017.1,28,21.8,2.6,3,5
10/23/2008,3,1,0,0,130,4,3000,0,886.2,1015.7,19,24.2,-0.8,10,
10/23/2008,4,,,,360,2,3000,,887.7,1017.2,29,19.6,1.1,10,
10/24/2008,2,,,,0,0,3000,,889.4,1019.5,30,20,1.9,8,5
10/24/2008,3,5,1,0,150,3,1250,1,887.7,1017.5,27,22.8,2.8,10,
10/24/2008,4,,,,20,2,3000,,888.7,1018.8,41,18.8,5.3,10,
10/25/2008,2,6,0,7,240,2,3000,5,888.6,1018.7,31,20,2.4,10,
10/25/2008,3,6,4,7,190,2,1250,4,885.4,1015,27,22.6,2.7,6,5
10/25/2008,4,6,5,0,60,2,1250,5,885,1014,32,21.4,4,12,
10/26/2008,1,0,5,5,0,0,1250,4,883.3,1012,37,18.8,3.8,15,
10/26/2008,2,6,5,7,240,3,1250,3,884.2,1013,26,20.8,0.6,7,5
10/26/2008,3,1,5,7,0,0,1250,4,882.5,1011.7,43,19.6,6.7,12,1
10/26/2008,4,1,4,3,340,2,1250,3,882.6,1012.1,65,15.6,9.1,10,
10/27/2008,1,0,3,7,260,3,1250,4,882.8,1013.6,84,11.8,9.2,10,2
10/27/2008,2,5,2,3,0,0,1250,3,884.4,1015.6,67,15.4,9.3,6,5
10/27/2008,3,2,3,3,270,4,1250,5,881.7,1012.8,52,17.8,7.8,8,5
10/27/2008,4,0,4,0,170,2,1250,3,883.5,1015.5,67,12,6.1,12,
10/28/2008,1,0,5,5,100,4,1250,3,883.6,1015.1,66,11.8,5.7,10,
10/28/2008,2,1,2,3,0,0,1250,4,885.5,1018.3,64,13.6,6.9,6,5
10/28/2008,3,0,3,3,240,3,800,5,883.7,1015.4,46,17,5.3,7,5
10/28/2008,4,1,4,3,150,2,1250,3,885.3,1017.7,58,13.4,5.3,8,5
10/29/2008,1,1,4,7,0,0,1250,1,885.7,1017.6,74,12,7.5,8,5
10/29/2008,2,0,4,3,0,0,1250,1,887,1019.4,57,14.6,6.2,2,5
10/29/2008,3,6,2,3,180,2,1250,4,885.1,1017,43,17.4,4.8,5,5
10/29/2008,4,2,4,3,120,3,1250,3,886.4,1018.4,46,15,3.5,10,
10/30/2008,1,1,4,3,0,0,1250,3,885,1016.5,56,13.6,5,10,
10/30/2008,2,0,3,7,90,2,800,5,887.6,1020.3,42,13,0.4,10,
10/30/2008,3,0,3,7,190,2,1250,5,886.4,1019,40,14,0.6,6,5
10/30/2008,4,0,5,5,230,2,1250,4,887.5,1020.7,44,12.8,0.9,10,
10/31/2008,1,0,3,7,30,3,800,6,886.7,1019.9,50,11.4,1.4,10,2
10/31/2008,2,0,5,7,160,2,800,5,888.2,1021.3,56,13.4,4.8,10,
10/31/2008,3,0,1,3,200,2,1250,3,886.8,1020,42,14,1.3,12,
10/31/2008,4,0,3,7,150,3,1250,4,888.6,1021.9,54,12.2,3.2,10,
11/1/2008,1,0,3,7,210,3,1250,4,888.4,1022,57,10.6,2.4,10,
11/1/2008,2,0,3,7,0,0,1250,5,889.8,1023.8,55,11.2,2.5,10,
11/1/2008,3,,3,2,0,0,800,6,889.1,1023.5,74,10.6,6.2,8,5
11/1/2008,4,0,3,2,260,2,800,6,890.1,1024.4,83,10.4,7.6,4,80
11/2/2008,1,0,3,7,0,0,800,6,890.1,1024.6,69,10.6,5.2,8,
11/2/2008,2,0,3,7,170,3,1250,5,892.1,1026.6,48,12.6,1.9,12,2
11/2/2008,3,2,3,3,190,6,1250,4,889.2,1022.4,33,16,-0.3,15,
11/2/2008,4,0,4,3,0,0,1250,1,890.3,1024,48,12.4,1.7,12,
11/3/2008,1,2,4,0,40,2,1250,1,888.9,1021.8,50,11.6,1.5,12,
11/3/2008,2,,3,2,180,3,1250,4,890.1,1024.1,45,11.6,0.1,10,
11/3/2008,3,,3,2,80,3,1250,4,887.4,1021,78,11.4,7.7,7,61
11/3/2008,4,,3,2,0,0,1250,5,888.1,1022.1,82,10.2,7.3,10,2
11/4/2008,1,,3,2,320,2,1250,5,885.4,1018.8,76,11.4,7.3,8,80
11/4/2008,2,0,3,7,270,3,1250,4,887.2,1020.7,74,12.8,8.3,5,5
11/4/2008,3,0,3,7,270,4,1250,4,885.1,1017.6,51,15.2,5.1,6,5
11/4/2008,4,0,4,7,290,2,1250,3,885.8,1018.3,73,13.6,8.9,7,1
11/5/2008,1,0,5,5,100,2,1250,3,885.1,1017.3,75,12.2,7.9,5,5
11/5/2008,2,0,5,3,240,6,1250,4,886.4,1018.5,60,15,7.3,4,5
11/5/2008,3,0,3,3,270,3,1250,5,883.7,1015.6,54,15.8,6.5,5,5
11/5/2008,4,0,3,7,50,2,1250,4,884.1,1016.1,76,12.6,8.5,6,5
11/6/2008,1,0,3,7,300,2,1250,5,882.6,1014.6,87,10.8,8.7,2,10
11/6/2008,2,1,2,0,230,3,1250,3,883.7,1016.2,70,13,7.7,3,5
11/6/2008,3,0,1,5,250,4,1250,3,881.7,1013.9,47,15,3.8,10,
11/6/2008,4,6,4,3,0,0,1250,3,882.6,1014.9,50,13,2.8,10,
11/7/2008,1,0,0,3,0,0,3000,1,882,1014.6,51,10,0.3,10,
11/7/2008,2,,,,260,5,3000,,883.9,1016.1,34,14.6,-1.1,6,5
11/7/2008,3,0,2,0,260,9,1250,3,882.6,1014.9,27,16.8,-2.3,10,
11/7/2008,4,0,4,0,330,2,1250,1,885.4,1018,42,12.4,-0.1,10,
11/8/2008,2,0,1,0,270,2,1250,1,890.3,1024.5,55,10.6,1.9,6,
11/8/2008,3,0,2,0,130,2,1250,4,889.5,1023.8,30,15.6,-1.9,10,
11/8/2008,4,,,,0,0,3000,,891,1025.7,51,11,1.3,10,
11/9/2008,1,0,4,3,160,2,1250,3,890.7,1024.4,53,9.8,0.7,10,
11/9/2008,2,0,3,7,240,2,1250,5,891.1,1025.7,48,11.2,0.6,7,5
11/9/2008,3,0,1,3,190,2,1250,3,889,1022.9,39,14,0.3,12,
11/9/2008,4,0,3,7,160,2,1250,4,890.9,1025,42,13,0.4,10,
11/10/2008,1,0,3,7,290,2,1250,5,891.6,1025.8,72,9.6,4.8,10,25
11/10/2008,2,,3,2,290,5,1250,5,895,1030.7,68,7.2,1.7,8,80
11/10/2008,3,,3,2,90,3,1250,5,894,1029.9,64,9.2,2.8,10,2
11/10/2008,4,0,3,7,270,2,1250,5,894.6,1031.4,77,8,4.2,10,60
11/11/2008,1,0,5,7,220,3,1250,3,893.2,1029.5,78,7.4,3.8,10,
11/11/2008,2,0,1,7,270,3,1250,5,894.4,1030.7,68,9,3.4,3,5
11/11/2008,3,0,4,0,230,3,1250,4,892.6,1028.3,41,11.6,-1.2,10,
11/11/2008,4,0,4,3,350,2,1250,1,893,1029.2,70,8,2.9,8,5
11/12/2008,1,0,4,3,0,0,1250,3,892.3,1028.1,63,6.6,0.1,7,5
11/12/2008,2,1,4,0,180,2,1250,3,893,1029.4,52,8.4,-1,3.5,5
11/12/2008,3,0,3,3,120,2,1250,4,889.8,1025.3,42,11.4,-1,7,5
11/12/2008,4,,,,0,0,3000,,890.3,1026.3,51,8,-1.5,10,
11/13/2008,2,,,,190,2,3000,,890.3,1026.3,38,8.8,-4.7,9,5
11/13/2008,3,1,0,0,150,2,3000,0,887.6,1022.9,30,12,-5,8,5
11/13/2008,4,,,,0,0,3000,,888.7,1024.5,40,7.8,-4.9,10,
11/14/2008,2,1,0,0,0,0,3000,0,889.7,1025.4,34,9.6,-5.5,6,5
11/14/2008,3,5,0,0,200,3,3000,0,887.3,1022.6,21,12.2,-9.5,10,
11/14/2008,4,1,0,3,0,0,3000,1,887.7,1023.2,29,8,-8.9,10,
11/15/2008,1,0,4,3,0,0,1250,3,887.2,1022.3,28,6.8,-10.4,10,
11/15/2008,2,0,3,7,320,2,800,6,888.3,1024.4,43,7.4,-4.4,10,
11/15/2008,3,0,3,7,210,3,1250,3,887.2,1022.8,35,9.6,-5.1,12,
11/15/2008,4,0,4,0,270,2,1250,1,887.6,1023.7,57,6.8,-1.1,5,5
11/16/2008,1,0,4,0,300,2,1250,1,886.5,1022.4,58,5.2,-2.4,5,5
11/16/2008,3,5,1,0,250,2,1250,3,885.5,1020.8,30,11.8,-5.2,10,3
11/16/2008,4,5,4,0,130,3,1250,3,886.6,1022.3,45,7.8,-3.4,10,
11/17/2008,1,5,4,0,290,2,1250,3,885.8,1020.9,50,5.8,-3.8,8,5
11/17/2008,2,5,5,3,180,2,1250,3,886.2,1021.5,41,9,-3.5,4,5
11/17/2008,3,6,5,3,210,3,1250,3,883.7,1018.9,31,10.2,-6.2,6,5
11/17/2008,4,6,0,3,320,2,3000,5,885.2,1020.4,37,8.2,-5.6,10,
11/18/2008,1,0,0,7,290,2,3000,6,885,1020,46,7.4,-3.5,10,
11/18/2008,2,0,1,0,260,2,1250,1,886.4,1021.7,46,9,-2,6,5
11/18/2008,3,0,1,0,270,8,1250,3,884.3,1018.6,31,12.6,-4.1,10,
11/18/2008,4,,,,0,0,3000,,885.9,1021,48,8.4,-2,10,
11/19/2008,2,1,0,0,150,2,3000,0,888.6,1023.8,39,10.3,-3,2,5
11/19/2008,3,5,1,0,260,6,1250,1,886.5,1020.6,20,16,-6.9,5,5
11/19/2008,4,0,4,0,80,2,1250,1,888.2,1022.5,35,11.6,-3.3,7,5
11/20/2008,2,6,4,3,150,2,1250,3,888,1021.6,36,12.8,-1.9,2,5
11/20/2008,3,0,3,7,240,2,1250,4,885,1018.2,30,14.7,-2.6,2,5
11/20/2008,4,0,3,7,30,2,1250,4,884.3,1017,52,12.8,3.2,7,5
11/21/2008,1,,3,2,250,3,800,5,884.3,1016.8,80,11,7.7,5,61
11/21/2008,2,0,1,3,0,0,1250,4,885,1017.4,68,13.6,7.8,8,5
11/21/2008,3,0,1,3,250,9,1250,3,881.6,1013.1,30,18,0.2,15,
11/21/2008,4,,,,320,2,3000,,882.5,1014.6,44,13.4,1.4,15,
11/22/2008,2,2,1,3,300,9,1250,1,885.6,1017.9,28,15,-3.3,12,
11/22/2008,3,5,0,0,250,6,3000,0,881.8,1013.3,24,17.4,-3.4,15,
11/22/2008,4,0,4,3,0,0,1250,1,883.3,1015.7,45,11.4,-0.1,6,5
11/23/2008,1,,3,2,60,3,800,5,884.3,1016.6,86,9,6.8,2.5,63
11/23/2008,2,,3,2,90,2,1250,5,885.5,1018.9,29,11.4,-6.1,8,5
11/23/2008,3,5,3,7,250,4,1250,5,884.1,1017.1,49,15,4.4,10,2
11/23/2008,4,0,5,3,290,5,1250,3,885.1,1018.6,63,11.4,4.6,10,
11/24/2008,2,,,,280,6,3000,,886.4,1019.9,55,12.2,3.4,7,5
11/24/2008,3,0,1,0,270,5,1250,3,884.2,1016.4,33,17,0.6,10,
11/24/2008,4,6,1,0,300,2,1250,3,885.5,1018.8,51,12.2,2.5,6,5
11/25/2008,1,0,4,0,110,2,1250,3,885,1017.9,62,8.6,1.7,10,
11/25/2008,2,,,,270,2,3000,,887,1020.4,45,12.4,0.8,7,5
11/25/2008,4,,,,0,0,3000,,885.9,1019.1,39,12.6,-1,10,
11/26/2008,2,1,0,3,140,3,3000,1,885.8,1018.5,27,14.6,-4.2,10,
11/26/2008,3,1,1,3,180,4,1250,3,882.6,1014.7,28,16.4,-2.1,10,
11/26/2008,4,0,0,3,0,0,3000,1,883,1015.3,46,12,0.7,10,
11/27/2008,1,2,5,0,0,0,1250,1,882.3,1014.3,50,11,1,10,
11/27/2008,2,0,4,3,150,2,1250,1,882.7,1015.2,36,14,-0.8,8,5
11/27/2008,3,1,2,0,180,4,1250,3,880.1,1012.1,31,15,-2,10,
11/27/2008,4,0,4,3,310,2,1250,3,881.9,1014.3,42,11.6,-0.9,10,
11/28/2008,1,0,5,3,340,2,1250,3,881.6,1013.8,48,11.4,0.8,10,2
11/28/2008,2,0,4,3,190,2,1250,3,883.8,1016.9,48,12.2,1.6,5,5
11/28/2008,4,0,4,0,80,3,1250,3,885.9,1019.1,43,12.6,0.4,10,
11/29/2008,1,0,4,3,50,3,1250,1,887.3,1020,43,12,-0.2,10,
11/29/2008,2,2,3,5,320,3,1250,5,889.9,1023.5,41,13,0.1,7,
11/29/2008,3,0,3,6,40,7,1250,4,887.7,1021.1,37,13.4,-1,12,
11/29/2008,4,0,0,3,0,0,3000,5,888.4,1022,43,11.8,-0.4,15,
11/30/2008,1,0,0,3,70,2,3000,4,886.7,1020.1,37,11.6,-2.6,15,
11/30/2008,2,6,1,7,180,3,1250,3,886.3,1019.5,32,13.8,-2.6,10,
11/30/2008,3,,3,2,150,4,800,6,883,1015.3,33,15,-1.1,6,80
11/30/2008,4,,3,2,290,2,800,6,883.2,1016,80,10,6.7,10,61
12/1/2008,3,,3,2,260,2,450,8,883.3,1018,87,8.2,6.2,4,60
12/1/2008,4,0,3,7,210,3,1250,5,884.9,1020,89,7.6,5.9,3,10
12/2/2008,1,0,3,7,300,3,1250,5,884.8,1020,83,7.2,4.5,5,10
12/2/2008,2,,5,2,270,3,1250,3,885.8,1021.5,80,7,3.8,3.5,10
12/2/2008,3,,3,2,0,0,800,8,885.3,1020.8,81,7.8,4.7,6,60
12/2/2008,4,,3,2,300,4,800,4,885.8,1021.7,77,6.8,3.1,10,
12/3/2008,1,,3,7,300,3,800,4,885.2,1021.1,81,6,3,10,10
12/3/2008,2,2,5,5,270,4,1250,3,887.1,1022.9,75,8,3.8,7,5
12/3/2008,3,2,1,0,260,7,1250,1,885.3,1020.4,52,11,1.5,10,
12/3/2008,4,1,0,3,270,2,3000,1,887.2,1023.4,74,5.6,1.3,10,
12/4/2008,1,0,4,3,290,3,1250,1,887.6,1023.5,80,4.2,1.1,10,
12/4/2008,2,1,1,0,280,3,1250,1,889.8,1026.8,53,7,-1.9,7,5
12/4/2008,3,1,1,6,280,6,1250,3,888,1023.7,36,12.2,-2.4,10,5
12/4/2008,4,0,1,3,300,2,1250,3,890.3,1026.8,59,7.4,-0.1,10,
12/5/2008,1,0,1,3,20,2,1250,1,890.8,1026.5,72,5.4,0.8,10,
12/5/2008,2,,,,260,3,3000,,892.1,1028.7,40,8,-4.8,6,5
12/5/2008,4,,,,90,2,3000,,891.4,1028.1,46,6.6,-4.2,10,
12/6/2008,2,,,,120,2,3000,,891.3,1028.1,38,7.8,-5.6,6,5
12/6/2008,4,,,,280,2,3000,,888,1024.5,38,6,-7.2,10,
12/7/2008,2,,,,0,0,3000,,887.1,1024.1,49,5,-4.8,3,5
12/7/2008,4,,,,0,0,3000,,882.8,1019.1,56,5.8,-2.4,6,5
12/8/2008,2,,,,0,0,3000,,883.3,1019,49,7.8,-2.2,4,5
12/8/2008,4,,,,0,0,3000,,883,1018.5,57,6,-1.9,3.5,5
12/9/2008,2,,,,0,0,3000,,885.5,1021.6,44,7.6,-3.9,3,5
12/9/2008,4,1,0,0,0,0,3000,0,885.4,1021.4,60,6.2,-1,5,5
12/10/2008,2,6,0,0,0,0,3000,0,886.7,1022.8,54,8,-0.7,6,5
12/10/2008,3,5,0,0,170,2,3000,0,884.9,1019.9,33,12,-3.9,2,5
12/10/2008,4,6,0,0,0,0,3000,0,886.9,1022.8,62,7,0.2,3,5
12/11/2008,2,1,0,0,0,0,3000,0,888.2,1024.6,61,6.6,-0.4,4,5
12/11/2008,4,1,0,3,270,2,3000,1,887.3,1024.1,67,4.8,-0.7,5,5
12/12/2008,1,1,0,3,270,2,3000,3,887.2,1023.1,68,4,-1.4,5,5
12/12/2008,2,0,1,0,260,2,1250,1,887.4,1024.4,62,6,-0.7,4,5
12/12/2008,3,0,3,0,170,2,1250,3,883.2,1018.8,48,9.6,-0.9,7,5
12/12/2008,4,0,4,3,0,0,1250,3,882.8,1018.7,64,6,-0.3,8,5
12/13/2008,1,0,4,3,270,3,1250,3,882.1,1017.7,66,3.4,-2.3,10,
12/13/2008,2,0,1,0,270,7,1250,1,883.6,1021,74,1.4,-2.7,3,5
12/13/2008,3,0,1,0,250,8,1250,1,881.1,1017,31,8.2,-7.9,10,
12/13/2008,4,,,,320,2,3000,,883.1,1021,30,4.2,-11.8,10,
12/14/2008,2,,,,0,0,3000,,884.7,1021.8,33,5.6,-9.4,5,5
12/14/2008,3,1,0,0,210,2,3000,0,881.2,1017.5,24,9.8,-9.8,8,5
12/14/2008,4,,,,270,2,3000,,881.2,1017.7,42,4,-7.7,10,
12/15/2008,2,,,,270,3,3000,,880.7,1017.6,38,4,-9,5,5
12/15/2008,4,,,,290,3,3000,,879.8,1016.9,55,2.2,-5.9,15,
12/16/2008,1,2,0,0,290,3,3000,0,880.9,1018,64,-1,-6.3,15,
12/16/2008,2,6,4,7,260,5,1250,3,883.1,1021.3,51,1.8,-7.3,8,
12/16/2008,3,0,3,7,110,3,1250,5,883.3,1022.4,74,1.4,-2.7,6,22
12/16/2008,4,0,4,3,240,3,1250,4,884.3,1023.4,59,-0.2,-6.4,10,
12/17/2008,1,0,4,3,0,0,1250,3,883.9,1023.5,68,-1.6,-6.2,10,
12/17/2008,2,0,1,3,80,3,1250,1,886,1025.5,43,1.6,-9.6,6,5
12/17/2008,3,0,3,7,280,2,1250,4,885.6,1025,49,3,-6.7,6,5
12/17/2008,4,0,3,7,90,3,1250,4,888.6,1028.5,50,-0.2,-8.4,7,5
12/18/2008,1,0,4,3,330,2,1250,3,889,1029,65,-1.8,-6.9,12,
12/18/2008,2,0,4,3,0,0,1250,1,890.1,1030.4,61,0.6,-6.1,7,5
12/18/2008,3,0,3,3,180,2,800,4,888.1,1031.05672076027,46,3.3,-7.2,10,2
12/18/2008,4,0,3,3,280,2,800,4,890.4,1030.4,56,1,-6.8,10,
12/19/2008,1,0,3,0,260,3,1250,4,889.7,1029.8,51,-2.2,-10,10,
12/19/2008,2,1,1,0,0,0,1250,1,890.1,1029.8,46,1.8,-8.6,7,5
12/19/2008,3,0,3,6,270,2,1250,4,886.8,1026.4,34,3.6,-10.8,15,
12/19/2008,4,,,,210,2,3000,,887.3,1026.9,48,-0.2,-8.9,15,
12/20/2008,2,1,0,0,0,0,3000,0,887.9,1027.7,46,1.4,-9,8,5
12/20/2008,3,0,4,3,270,2,1250,3,885.5,1024.6,37,4.4,-9,6,5
12/20/2008,4,,,,0,0,3000,,886.5,1025.8,54,0.6,-7.6,10,
12/21/2008,2,0,3,0,250,2,1250,4,887.5,1026.4,48,3.6,-6.4,3,5
12/21/2008,3,0,3,8,220,2,1250,4,886.2,1024.3,43,5.8,-5.8,3,5
12/21/2008,4,,3,1,320,3,1250,5,888.5,1026.3,51,5,-4.3,6,5
12/22/2008,1,,3,1,170,3,1250,5,887.2,1024.2,49,5,-4.8,6,5
12/22/2008,2,,5,1,180,3,1250,4,888.6,1026.3,48,4.4,-5.6,6,5
12/22/2008,4,0,5,7,160,2,1250,4,887.6,1025.2,52,4.8,-4.2,3,5
12/24/2008,4,0,4,3,0,0,1250,3,881.5,1015.5,63,7.8,1.2,7,5
12/25/2008,2,,,,140,2,3000,,883.2,1017.5,62,10.4,3.4,2,5
12/25/2008,4,,,,0,0,3000,,883.5,1017.3,45,10.6,-0.8,10,
12/27/2008,3,9,4,5,210,2,1250,1,882.7,1018,42,10,-2.3,5,5
12/28/2008,1,0,0,3,0,0,3000,5,882.7,1018,62,4.8,-1.9,8,5
12/28/2008,2,1,4,3,170,2,1250,1,883.4,1019,55,6.8,-1.6,5,5
12/28/2008,4,,,,110,2,3000,,883.9,1020.2,58,5,-2.6,10,
12/29/2008,2,,,,130,2,3000,,884.3,1020.9,56,5.6,-2.5,3,5
12/29/2008,3,0,4,0,0,0,1250,3,882.2,1017.7,38,10,-3.7,7,5
12/29/2008,4,,,,0,0,3000,,884.3,1021.3,57,4.4,-3.4,10,
12/30/2008,1,6,0,3,0,0,3000,3,883.7,1019.3,53,4.4,-4.3,10,
12/30/2008,2,6,5,3,0,0,1250,3,885.4,1022.4,51,5.6,-3.6,6,5
12/30/2008,3,6,5,0,160,2,1250,1,883.3,1018.6,36,10.8,-3.7,7,5
12/31/2008,1,4,0,0,0,0,3000,0,884.6,1020,57,5,-2.8,7,5
12/31/2008,2,2,1,5,190,3,1250,3,886.2,1022.6,51,6.8,-2.6,3,5
12/31/2008,3,,5,1,60,3,1250,5,883.5,1019.4,44,7.8,-3.7,5,5
12/31/2008,4,,3,2,90,2,800,4,883.9,1019.6,43,7.2,-4.6,10,70
